# Source Data for Fig. 7b: sequential leakage model, k1 = k2 = k = 1
# Recomputed from the closed forms in the paper, not from the co-author's code.
# Input state alpha = sqrt(0.6), beta = sqrt(0.4).
time,gamma,expected_holevo_bits,eve_fidelity
0.000,0.0,1.0000000000,0.5000000000
0.010,0.0,0.9996627285,0.5010148838
0.020,0.0,0.9992331630,0.5020590740
0.030,0.0,0.9987131736,0.5031318868
0.040,0.0,0.9981046022,0.5042326494
0.050,0.0,0.9974092633,0.5053606993
0.060,0.0,0.9966289436,0.5065153844
0.070,0.0,0.9957654033,0.5076960631
0.080,0.0,0.9948203756,0.5089021037
0.090,0.0,0.9937955678,0.5101328847
0.100,0.0,0.9926926609,0.5113877943
0.110,0.0,0.9915133108,0.5126662304
0.120,0.0,0.9902591477,0.5139676007
0.130,0.0,0.9889317774,0.5152913221
0.140,0.0,0.9875327808,0.5166368211
0.150,0.0,0.9860637146,0.5180035332
0.160,0.0,0.9845261119,0.5193909030
0.170,0.0,0.9829214820,0.5207983842
0.180,0.0,0.9812513109,0.5222254391
0.190,0.0,0.9795170619,0.5236715388
0.200,0.0,0.9777201754,0.5251361632
0.210,0.0,0.9758620696,0.5266188004
0.220,0.0,0.9739441408,0.5281189468
0.230,0.0,0.9719677634,0.5296361073
0.240,0.0,0.9699342905,0.5311697948
0.250,0.0,0.9678450539,0.5327195302
0.260,0.0,0.9657013647,0.5342848422
0.270,0.0,0.9635045133,0.5358652674
0.280,0.0,0.9612557699,0.5374603502
0.290,0.0,0.9589563847,0.5390696424
0.300,0.0,0.9566075882,0.5406927032
0.310,0.0,0.9542105912,0.5423290993
0.320,0.0,0.9517665856,0.5439784047
0.330,0.0,0.9492767441,0.5456402005
0.340,0.0,0.9467422209,0.5473140747
0.350,0.0,0.9441641516,0.5489996226
0.360,0.0,0.9415436537,0.5506964460
0.370,0.0,0.9388818269,0.5524041537
0.380,0.0,0.9361797531,0.5541223612
0.390,0.0,0.9334384967,0.5558506903
0.400,0.0,0.9306591049,0.5575887696
0.410,0.0,0.9278426081,0.5593362339
0.420,0.0,0.9249900199,0.5610927244
0.430,0.0,0.9221023374,0.5628578883
0.440,0.0,0.9191805413,0.5646313793
0.450,0.0,0.9162255964,0.5664128569
0.460,0.0,0.9132384517,0.5682019865
0.470,0.0,0.9102200405,0.5699984394
0.480,0.0,0.9071712808,0.5718018929
0.490,0.0,0.9040930754,0.5736120296
0.500,0.0,0.9009863120,0.5754285382
0.510,0.0,0.8978518638,0.5772511125
0.520,0.0,0.8946905893,0.5790794520
0.530,0.0,0.8915033326,0.5809132616
0.540,0.0,0.8882909239,0.5827522513
0.550,0.0,0.8850541791,0.5845961365
0.560,0.0,0.8817939007,0.5864446378
0.570,0.0,0.8785108774,0.5882974806
0.580,0.0,0.8752058846,0.5901543957
0.590,0.0,0.8718796846,0.5920151184
0.600,0.0,0.8685330267,0.5938793893
0.610,0.0,0.8651666472,0.5957469534
0.620,0.0,0.8617812699,0.5976175607
0.630,0.0,0.8583776063,0.5994909656
0.640,0.0,0.8549563553,0.6013669274
0.650,0.0,0.8515182040,0.6032452097
0.660,0.0,0.8480638274,0.6051255804
0.670,0.0,0.8445938888,0.6070078123
0.680,0.0,0.8411090399,0.6088916819
0.690,0.0,0.8376099209,0.6107769704
0.700,0.0,0.8340971609,0.6126634630
0.710,0.0,0.8305713778,0.6145509492
0.720,0.0,0.8270331784,0.6164392223
0.730,0.0,0.8234831590,0.6183280798
0.740,0.0,0.8199219050,0.6202173232
0.750,0.0,0.8163499916,0.6221067578
0.760,0.0,0.8127679834,0.6239961927
0.770,0.0,0.8091764350,0.6258854408
0.780,0.0,0.8055758909,0.6277743188
0.790,0.0,0.8019668856,0.6296626470
0.800,0.0,0.7983499440,0.6315502494
0.810,0.0,0.7947255813,0.6334369534
0.820,0.0,0.7910943034,0.6353225901
0.830,0.0,0.7874566067,0.6372069938
0.840,0.0,0.7838129785,0.6390900024
0.850,0.0,0.7801638969,0.6409714572
0.860,0.0,0.7765098311,0.6428512025
0.870,0.0,0.7728512418,0.6447290862
0.880,0.0,0.7691885806,0.6466049592
0.890,0.0,0.7655222908,0.6484786756
0.900,0.0,0.7618528073,0.6503500926
0.910,0.0,0.7581805565,0.6522190704
0.920,0.0,0.7545059569,0.6540854723
0.930,0.0,0.7508294188,0.6559491646
0.940,0.0,0.7471513446,0.6578100162
0.950,0.0,0.7434721287,0.6596678994
0.960,0.0,0.7397921582,0.6615226888
0.970,0.0,0.7361118123,0.6633742622
0.980,0.0,0.7324314627,0.6652224998
0.990,0.0,0.7287514740,0.6670672848
1.000,0.0,0.7250722033,0.6689085029
1.010,0.0,0.7213940006,0.6707460425
1.020,0.0,0.7177172091,0.6725797943
1.030,0.0,0.7140421648,0.6744096520
1.040,0.0,0.7103691969,0.6762355113
1.050,0.0,0.7066986279,0.6780572708
1.060,0.0,0.7030307738,0.6798748313
1.070,0.0,0.6993659440,0.6816880958
1.080,0.0,0.6957044413,0.6834969701
1.090,0.0,0.6920465625,0.6853013619
1.100,0.0,0.6883925980,0.6871011813
1.110,0.0,0.6847428318,0.6888963407
1.120,0.0,0.6810975424,0.6906867547
1.130,0.0,0.6774570020,0.6924723399
1.140,0.0,0.6738214769,0.6942530151
1.150,0.0,0.6701912278,0.6960287014
1.160,0.0,0.6665665096,0.6977993216
1.170,0.0,0.6629475716,0.6995648009
1.180,0.0,0.6593346578,0.7013250661
1.190,0.0,0.6557280065,0.7030800463
1.200,0.0,0.6521278508,0.7048296723
1.210,0.0,0.6485344186,0.7065738770
1.220,0.0,0.6449479323,0.7083125951
1.230,0.0,0.6413686097,0.7100457629
1.240,0.0,0.6377966632,0.7117733189
1.250,0.0,0.6342323004,0.7134952031
1.260,0.0,0.6306757240,0.7152113574
1.270,0.0,0.6271271320,0.7169217252
1.280,0.0,0.6235867176,0.7186262519
1.290,0.0,0.6200546694,0.7203248844
1.300,0.0,0.6165311714,0.7220175711
1.310,0.0,0.6130164032,0.7237042623
1.320,0.0,0.6095105399,0.7253849096
1.330,0.0,0.6060137522,0.7270594663
1.340,0.0,0.6025262067,0.7287278874
1.350,0.0,0.5990480656,0.7303901289
1.360,0.0,0.5955794871,0.7320461489
1.370,0.0,0.5921206253,0.7336959064
1.380,0.0,0.5886716301,0.7353393622
1.390,0.0,0.5852326476,0.7369764783
1.400,0.0,0.5818038202,0.7386072182
1.410,0.0,0.5783852861,0.7402315467
1.420,0.0,0.5749771800,0.7418494300
1.430,0.0,0.5715796329,0.7434608354
1.440,0.0,0.5681927720,0.7450657317
1.450,0.0,0.5648167211,0.7466640889
1.460,0.0,0.5614516003,0.7482558782
1.470,0.0,0.5580975264,0.7498410721
1.480,0.0,0.5547546127,0.7514196443
1.490,0.0,0.5514229692,0.7529915695
1.500,0.0,0.5481027026,0.7545568238
1.510,0.0,0.5447939163,0.7561153843
1.520,0.0,0.5414967107,0.7576672293
1.530,0.0,0.5382111827,0.7592123379
1.540,0.0,0.5349374265,0.7607506908
1.550,0.0,0.5316755332,0.7622822693
1.560,0.0,0.5284255907,0.7638070560
1.570,0.0,0.5251876841,0.7653250343
1.580,0.0,0.5219618958,0.7668361888
1.590,0.0,0.5187483051,0.7683405051
1.600,0.0,0.5155469887,0.7698379695
1.610,0.0,0.5123580204,0.7713285695
1.620,0.0,0.5091814715,0.7728122935
1.630,0.0,0.5060174106,0.7742891306
1.640,0.0,0.5028659036,0.7757590711
1.650,0.0,0.4997270140,0.7772221060
1.660,0.0,0.4966008027,0.7786782272
1.670,0.0,0.4934873281,0.7801274273
1.680,0.0,0.4903866464,0.7815697001
1.690,0.0,0.4872988111,0.7830050398
1.700,0.0,0.4842238737,0.7844334416
1.710,0.0,0.4811618832,0.7858549015
1.720,0.0,0.4781128863,0.7872694163
1.730,0.0,0.4750769276,0.7886769833
1.740,0.0,0.4720540496,0.7900776009
1.750,0.0,0.4690442924,0.7914712679
1.760,0.0,0.4660476944,0.7928579840
1.770,0.0,0.4630642915,0.7942377495
1.780,0.0,0.4600941179,0.7956105655
1.790,0.0,0.4571372057,0.7969764337
1.800,0.0,0.4541935850,0.7983353564
1.810,0.0,0.4512632842,0.7996873366
1.820,0.0,0.4483463295,0.8010323779
1.830,0.0,0.4454427454,0.8023704845
1.840,0.0,0.4425525548,0.8037016613
1.850,0.0,0.4396757785,0.8050259138
1.860,0.0,0.4368124357,0.8063432478
1.870,0.0,0.4339625440,0.8076536701
1.880,0.0,0.4311261191,0.8089571876
1.890,0.0,0.4283031751,0.8102538081
1.900,0.0,0.4254937247,0.8115435398
1.910,0.0,0.4226977788,0.8128263913
1.920,0.0,0.4199153468,0.8141023720
1.930,0.0,0.4171464366,0.8153714915
1.940,0.0,0.4143910546,0.8166337601
1.950,0.0,0.4116492056,0.8178891884
1.960,0.0,0.4089208933,0.8191377875
1.970,0.0,0.4062061196,0.8203795692
1.980,0.0,0.4035048852,0.8216145454
1.990,0.0,0.4008171896,0.8228427286
2.000,0.0,0.3981430307,0.8240641318
2.010,0.0,0.3954824051,0.8252787682
2.020,0.0,0.3928353085,0.8264866517
2.030,0.0,0.3902017349,0.8276877963
2.040,0.0,0.3875816773,0.8288822165
2.050,0.0,0.3849751275,0.8300699273
2.060,0.0,0.3823820760,0.8312509439
2.070,0.0,0.3798025124,0.8324252819
2.080,0.0,0.3772364249,0.8335929574
2.090,0.0,0.3746838007,0.8347539865
2.100,0.0,0.3721446260,0.8359083861
2.110,0.0,0.3696188859,0.8370561731
2.120,0.0,0.3671065644,0.8381973648
2.130,0.0,0.3646076444,0.8393319787
2.140,0.0,0.3621221081,0.8404600329
2.150,0.0,0.3596499366,0.8415815454
2.160,0.0,0.3571911099,0.8426965349
2.170,0.0,0.3547456072,0.8438050201
2.180,0.0,0.3523134068,0.8449070200
2.190,0.0,0.3498944862,0.8460025539
2.200,0.0,0.3474888218,0.8470916415
2.210,0.0,0.3450963894,0.8481743025
2.220,0.0,0.3427171637,0.8492505570
2.230,0.0,0.3403511189,0.8503204253
2.240,0.0,0.3379982281,0.8513839279
2.250,0.0,0.3356584640,0.8524410856
2.260,0.0,0.3333317981,0.8534919194
2.270,0.0,0.3310182015,0.8545364504
2.280,0.0,0.3287176445,0.8555747001
2.290,0.0,0.3264300966,0.8566066900
2.300,0.0,0.3241555267,0.8576324419
2.310,0.0,0.3218939031,0.8586519778
2.320,0.0,0.3196451932,0.8596653198
2.330,0.0,0.3174093640,0.8606724902
2.340,0.0,0.3151863818,0.8616735115
2.350,0.0,0.3129762124,0.8626684064
2.360,0.0,0.3107788207,0.8636571977
2.370,0.0,0.3085941715,0.8646399083
2.380,0.0,0.3064222285,0.8656165615
2.390,0.0,0.3042629554,0.8665871803
2.400,0.0,0.3021163149,0.8675517882
2.410,0.0,0.2999822695,0.8685104087
2.420,0.0,0.2978607810,0.8694630656
2.430,0.0,0.2957518109,0.8704097824
2.440,0.0,0.2936553200,0.8713505832
2.450,0.0,0.2915712688,0.8722854920
2.460,0.0,0.2894996174,0.8732145328
2.470,0.0,0.2874403253,0.8741377298
2.480,0.0,0.2853933516,0.8750551074
2.490,0.0,0.2833586551,0.8759666900
2.500,0.0,0.2813361941,0.8768725021
2.510,0.0,0.2793259267,0.8777725682
2.520,0.0,0.2773278103,0.8786669130
2.530,0.0,0.2753418022,0.8795555613
2.540,0.0,0.2733678593,0.8804385379
2.550,0.0,0.2714059381,0.8813158677
2.560,0.0,0.2694559947,0.8821875756
2.570,0.0,0.2675179851,0.8830536866
2.580,0.0,0.2655918648,0.8839142258
2.590,0.0,0.2636775891,0.8847692184
2.600,0.0,0.2617751130,0.8856186895
2.610,0.0,0.2598843912,0.8864626644
2.620,0.0,0.2580053781,0.8873011683
2.630,0.0,0.2561380280,0.8881342266
2.640,0.0,0.2542822947,0.8889618646
2.650,0.0,0.2524381320,0.8897841076
2.660,0.0,0.2506054933,0.8906009812
2.670,0.0,0.2487843318,0.8914125107
2.680,0.0,0.2469746007,0.8922187217
2.690,0.0,0.2451762528,0.8930196396
2.700,0.0,0.2433892406,0.8938152899
2.710,0.0,0.2416135167,0.8946056982
2.720,0.0,0.2398490334,0.8953908900
2.730,0.0,0.2380957427,0.8961708908
2.740,0.0,0.2363535967,0.8969457264
2.750,0.0,0.2346225470,0.8977154221
2.760,0.0,0.2329025455,0.8984800036
2.770,0.0,0.2311935435,0.8992394964
2.780,0.0,0.2294954926,0.8999939261
2.790,0.0,0.2278083439,0.9007433183
2.800,0.0,0.2261320487,0.9014876985
2.810,0.0,0.2244665580,0.9022270924
2.820,0.0,0.2228118226,0.9029615253
2.830,0.0,0.2211677936,0.9036910228
2.840,0.0,0.2195344216,0.9044156105
2.850,0.0,0.2179116574,0.9051353138
2.860,0.0,0.2162994516,0.9058501581
2.870,0.0,0.2146977546,0.9065601690
2.880,0.0,0.2131065171,0.9072653718
2.890,0.0,0.2115256894,0.9079657919
2.900,0.0,0.2099552219,0.9086614547
2.910,0.0,0.2083950650,0.9093523855
2.920,0.0,0.2068451689,0.9100386096
2.930,0.0,0.2053054839,0.9107201522
2.940,0.0,0.2037759603,0.9113970386
2.950,0.0,0.2022565483,0.9120692940
2.960,0.0,0.2007471981,0.9127369435
2.970,0.0,0.1992478599,0.9134000122
2.980,0.0,0.1977584839,0.9140585251
2.990,0.0,0.1962790203,0.9147125073
3.000,0.0,0.1948094193,0.9153619838
3.010,0.0,0.1933496310,0.9160069794
3.020,0.0,0.1918996057,0.9166475190
3.030,0.0,0.1904592937,0.9172836275
3.040,0.0,0.1890286452,0.9179153296
3.050,0.0,0.1876076106,0.9185426500
3.060,0.0,0.1861961400,0.9191656134
3.070,0.0,0.1847941839,0.9197842444
3.080,0.0,0.1834016927,0.9203985675
3.090,0.0,0.1820186169,0.9210086072
3.100,0.0,0.1806449069,0.9216143878
3.110,0.0,0.1792805133,0.9222159339
3.120,0.0,0.1779253867,0.9228132696
3.130,0.0,0.1765794777,0.9234064192
3.140,0.0,0.1752427371,0.9239954069
3.150,0.0,0.1739151157,0.9245802567
3.160,0.0,0.1725965644,0.9251609927
3.170,0.0,0.1712870341,0.9257376389
3.180,0.0,0.1699864758,0.9263102191
3.190,0.0,0.1686948406,0.9268787572
3.200,0.0,0.1674120798,0.9274432769
3.210,0.0,0.1661381445,0.9280038019
3.220,0.0,0.1648729862,0.9285603558
3.230,0.0,0.1636165564,0.9291129622
3.240,0.0,0.1623688065,0.9296616444
3.250,0.0,0.1611296883,0.9302064259
3.260,0.0,0.1598991535,0.9307473300
3.270,0.0,0.1586771540,0.9312843798
3.280,0.0,0.1574636417,0.9318175987
3.290,0.0,0.1562585687,0.9323470095
3.300,0.0,0.1550618873,0.9328726353
3.310,0.0,0.1538735498,0.9333944991
3.320,0.0,0.1526935085,0.9339126236
3.330,0.0,0.1515217161,0.9344270315
3.340,0.0,0.1503581252,0.9349377456
3.350,0.0,0.1492026886,0.9354447885
3.360,0.0,0.1480553592,0.9359481825
3.370,0.0,0.1469160902,0.9364479502
3.380,0.0,0.1457848346,0.9369441138
3.390,0.0,0.1446615459,0.9374366957
3.400,0.0,0.1435461774,0.9379257179
3.410,0.0,0.1424386828,0.9384112025
3.420,0.0,0.1413390158,0.9388931715
3.430,0.0,0.1402471303,0.9393716469
3.440,0.0,0.1391629803,0.9398466503
3.450,0.0,0.1380865199,0.9403182036
3.460,0.0,0.1370177036,0.9407863284
3.470,0.0,0.1359564856,0.9412510461
3.480,0.0,0.1349028207,0.9417123783
3.490,0.0,0.1338566637,0.9421703464
3.500,0.0,0.1328179693,0.9426249715
3.510,0.0,0.1317866927,0.9430762749
3.520,0.0,0.1307627891,0.9435242777
3.530,0.0,0.1297462138,0.9439690009
3.540,0.0,0.1287369225,0.9444104653
3.550,0.0,0.1277348708,0.9448486919
3.560,0.0,0.1267400145,0.9452837012
3.570,0.0,0.1257523097,0.9457155141
3.580,0.0,0.1247717126,0.9461441510
3.590,0.0,0.1237981795,0.9465696323
3.600,0.0,0.1228316668,0.9469919785
3.610,0.0,0.1218721314,0.9474112097
3.620,0.0,0.1209195300,0.9478273462
3.630,0.0,0.1199738196,0.9482404080
3.640,0.0,0.1190349575,0.9486504152
3.650,0.0,0.1181029009,0.9490573876
3.660,0.0,0.1171776073,0.9494613450
3.670,0.0,0.1162590346,0.9498623071
3.680,0.0,0.1153471405,0.9502602936
3.690,0.0,0.1144418831,0.9506553240
3.700,0.0,0.1135432205,0.9510474176
3.710,0.0,0.1126511113,0.9514365938
3.720,0.0,0.1117655139,0.9518228719
3.730,0.0,0.1108863870,0.9522062710
3.740,0.0,0.1100136896,0.9525868101
3.750,0.0,0.1091473808,0.9529645083
3.760,0.0,0.1082874198,0.9533393843
3.770,0.0,0.1074337661,0.9537114569
3.780,0.0,0.1065863794,0.9540807449
3.790,0.0,0.1057452193,0.9544472667
3.800,0.0,0.1049102459,0.9548110409
3.810,0.0,0.1040814194,0.9551720858
3.820,0.0,0.1032587001,0.9555304198
3.830,0.0,0.1024420485,0.9558860610
3.840,0.0,0.1016314254,0.9562390277
3.850,0.0,0.1008267915,0.9565893377
3.860,0.0,0.1000281080,0.9569370090
3.870,0.0,0.0992353362,0.9572820594
3.880,0.0,0.0984484374,0.9576245067
3.890,0.0,0.0976673733,0.9579643685
3.900,0.0,0.0968921057,0.9583016624
3.910,0.0,0.0961225965,0.9586364058
3.920,0.0,0.0953588079,0.9589686161
3.930,0.0,0.0946007022,0.9592983105
3.940,0.0,0.0938482421,0.9596255062
3.950,0.0,0.0931013901,0.9599502203
3.960,0.0,0.0923601092,0.9602724698
3.970,0.0,0.0916243625,0.9605922716
3.980,0.0,0.0908941132,0.9609096425
3.990,0.0,0.0901693247,0.9612245992
4.000,0.0,0.0894499608,0.9615371583
4.010,0.0,0.0887359851,0.9618473364
4.020,0.0,0.0880273617,0.9621551499
4.030,0.0,0.0873240548,0.9624606151
4.040,0.0,0.0866260287,0.9627637484
4.050,0.0,0.0859332479,0.9630645658
4.060,0.0,0.0852456773,0.9633630834
4.070,0.0,0.0845632816,0.9636593173
4.080,0.0,0.0838860261,0.9639532832
4.090,0.0,0.0832138758,0.9642449971
4.100,0.0,0.0825467964,0.9645344746
4.110,0.0,0.0818847535,0.9648217314
4.120,0.0,0.0812277128,0.9651067830
4.130,0.0,0.0805756403,0.9653896448
4.140,0.0,0.0799285023,0.9656703322
4.150,0.0,0.0792862651,0.9659488604
4.160,0.0,0.0786488953,0.9662252447
4.170,0.0,0.0780163595,0.9664995001
4.180,0.0,0.0773886247,0.9667716416
4.190,0.0,0.0767656580,0.9670416841
4.200,0.0,0.0761474266,0.9673096425
4.210,0.0,0.0755338979,0.9675755315
4.220,0.0,0.0749250397,0.9678393658
4.230,0.0,0.0743208196,0.9681011599
4.240,0.0,0.0737212057,0.9683609283
4.250,0.0,0.0731261661,0.9686186854
4.260,0.0,0.0725356692,0.9688744455
4.270,0.0,0.0719496834,0.9691282228
4.280,0.0,0.0713681775,0.9693800315
4.290,0.0,0.0707911203,0.9696298855
4.300,0.0,0.0702184809,0.9698777990
4.310,0.0,0.0696502285,0.9701237857
4.320,0.0,0.0690863324,0.9703678595
4.330,0.0,0.0685267623,0.9706100340
4.340,0.0,0.0679714879,0.9708503229
4.350,0.0,0.0674204790,0.9710887398
4.360,0.0,0.0668737059,0.9713252981
4.370,0.0,0.0663311387,0.9715600112
4.380,0.0,0.0657927479,0.9717928924
4.390,0.0,0.0652585041,0.9720239549
4.400,0.0,0.0647283780,0.9722532118
4.410,0.0,0.0642023407,0.9724806763
4.420,0.0,0.0636803631,0.9727063612
4.430,0.0,0.0631624168,0.9729302795
4.440,0.0,0.0626484729,0.9731524439
4.450,0.0,0.0621385033,0.9733728673
4.460,0.0,0.0616324797,0.9735915623
4.470,0.0,0.0611303741,0.9738085413
4.480,0.0,0.0606321585,0.9740238170
4.490,0.0,0.0601378054,0.9742374018
4.500,0.0,0.0596472871,0.9744493080
4.510,0.0,0.0591605763,0.9746595478
4.520,0.0,0.0586776458,0.9748681334
4.530,0.0,0.0581984685,0.9750750769
4.540,0.0,0.0577230175,0.9752803904
4.550,0.0,0.0572512663,0.9754840858
4.560,0.0,0.0567831881,0.9756861750
4.570,0.0,0.0563187566,0.9758866698
4.580,0.0,0.0558579456,0.9760855818
4.590,0.0,0.0554007290,0.9762829228
4.600,0.0,0.0549470808,0.9764787044
4.610,0.0,0.0544969755,0.9766729379
4.620,0.0,0.0540503873,0.9768656348
4.630,0.0,0.0536072909,0.9770568066
4.640,0.0,0.0531676609,0.9772464644
4.650,0.0,0.0527314722,0.9774346194
4.660,0.0,0.0522987000,0.9776212829
4.670,0.0,0.0518693193,0.9778064658
4.680,0.0,0.0514433056,0.9779901791
4.690,0.0,0.0510206344,0.9781724337
4.700,0.0,0.0506012812,0.9783532405
4.710,0.0,0.0501852220,0.9785326102
4.720,0.0,0.0497724327,0.9787105536
4.730,0.0,0.0493628894,0.9788870813
4.740,0.0,0.0489565684,0.9790622037
4.750,0.0,0.0485534461,0.9792359315
4.760,0.0,0.0481534990,0.9794082750
4.770,0.0,0.0477567040,0.9795792446
4.780,0.0,0.0473630379,0.9797488505
4.790,0.0,0.0469724776,0.9799171030
4.800,0.0,0.0465850004,0.9800840121
4.810,0.0,0.0462005836,0.9802495881
4.820,0.0,0.0458192047,0.9804138408
4.830,0.0,0.0454408411,0.9805767803
4.840,0.0,0.0450654708,0.9807384163
4.850,0.0,0.0446930715,0.9808987588
4.860,0.0,0.0443236214,0.9810578174
4.870,0.0,0.0439570986,0.9812156018
4.880,0.0,0.0435934814,0.9813721216
4.890,0.0,0.0432327483,0.9815273864
4.900,0.0,0.0428748779,0.9816814056
4.910,0.0,0.0425198490,0.9818341888
4.920,0.0,0.0421676404,0.9819857451
4.930,0.0,0.0418182311,0.9821360839
4.940,0.0,0.0414716004,0.9822852144
4.950,0.0,0.0411277275,0.9824331459
4.960,0.0,0.0407865918,0.9825798873
4.970,0.0,0.0404481730,0.9827254477
4.980,0.0,0.0401124507,0.9828698361
4.990,0.0,0.0397794048,0.9830130614
5.000,0.0,0.0394490152,0.9831551325
0.000,0.1,0.8899796402,0.5000000000
0.010,0.1,0.8893679718,0.5014101779
0.020,0.1,0.8886803627,0.5028403489
0.030,0.1,0.8879183845,0.5042899754
0.040,0.1,0.8870835855,0.5057585288
0.050,0.1,0.8861774902,0.5072454888
0.060,0.1,0.8852016001,0.5087503438
0.070,0.1,0.8841573937,0.5102725903
0.080,0.1,0.8830463274,0.5118117334
0.090,0.1,0.8818698349,0.5133672861
0.100,0.1,0.8806293283,0.5149387694
0.110,0.1,0.8793261979,0.5165257124
0.120,0.1,0.8779618128,0.5181276516
0.130,0.1,0.8765375211,0.5197441317
0.140,0.1,0.8750546499,0.5213747046
0.150,0.1,0.8735145061,0.5230189299
0.160,0.1,0.8719183761,0.5246763744
0.170,0.1,0.8702675266,0.5263466123
0.180,0.1,0.8685632046,0.5280292248
0.190,0.1,0.8668066377,0.5297238005
0.200,0.1,0.8649990342,0.5314299345
0.210,0.1,0.8631415837,0.5331472291
0.220,0.1,0.8612354572,0.5348752934
0.230,0.1,0.8592818072,0.5366137429
0.240,0.1,0.8572817681,0.5383621998
0.250,0.1,0.8552364567,0.5401202931
0.260,0.1,0.8531469717,0.5418876576
0.270,0.1,0.8510143948,0.5436639350
0.280,0.1,0.8488397903,0.5454487728
0.290,0.1,0.8466242059,0.5472418249
0.300,0.1,0.8443686723,0.5490427509
0.310,0.1,0.8420742038,0.5508512169
0.320,0.1,0.8397417986,0.5526668943
0.330,0.1,0.8373724388,0.5544894606
0.340,0.1,0.8349670907,0.5563185990
0.350,0.1,0.8325267051,0.5581539983
0.360,0.1,0.8300522174,0.5599953527
0.370,0.1,0.8275445479,0.5618423620
0.380,0.1,0.8250046018,0.5636947315
0.390,0.1,0.8224332698,0.5655521715
0.400,0.1,0.8198314279,0.5674143977
0.410,0.1,0.8171999378,0.5692811310
0.420,0.1,0.8145396472,0.5711520974
0.430,0.1,0.8118513898,0.5730270278
0.440,0.1,0.8091359854,0.5749056581
0.450,0.1,0.8063942404,0.5767877289
0.460,0.1,0.8036269479,0.5786729860
0.470,0.1,0.8008348877,0.5805611794
0.480,0.1,0.7980188268,0.5824520641
0.490,0.1,0.7951795190,0.5843453996
0.500,0.1,0.7923177060,0.5862409500
0.510,0.1,0.7894341166,0.5881384837
0.520,0.1,0.7865294675,0.5900377736
0.530,0.1,0.7836044633,0.5919385968
0.540,0.1,0.7806597967,0.5938407348
0.550,0.1,0.7776961486,0.5957439733
0.560,0.1,0.7747141881,0.5976481020
0.570,0.1,0.7717145733,0.5995529148
0.580,0.1,0.7686979506,0.6014582095
0.590,0.1,0.7656649554,0.6033637879
0.600,0.1,0.7626162123,0.6052694559
0.610,0.1,0.7595523349,0.6071750229
0.620,0.1,0.7564739263,0.6090803022
0.630,0.1,0.7533815789,0.6109851110
0.640,0.1,0.7502758750,0.6128892700
0.650,0.1,0.7471573864,0.6147926034
0.660,0.1,0.7440266752,0.6166949393
0.670,0.1,0.7408842932,0.6185961090
0.680,0.1,0.7377307827,0.6204959474
0.690,0.1,0.7345666762,0.6223942928
0.700,0.1,0.7313924969,0.6242909867
0.710,0.1,0.7282087585,0.6261858741
0.720,0.1,0.7250159654,0.6280788032
0.730,0.1,0.7218146130,0.6299696253
0.740,0.1,0.7186051878,0.6318581949
0.750,0.1,0.7153881674,0.6337443698
0.760,0.1,0.7121640208,0.6356280104
0.770,0.1,0.7089332081,0.6375089806
0.780,0.1,0.7056961812,0.6393871470
0.790,0.1,0.7024533838,0.6412623791
0.800,0.1,0.6992052511,0.6431345494
0.810,0.1,0.6959522104,0.6450035332
0.820,0.1,0.6926946809,0.6468692086
0.830,0.1,0.6894330740,0.6487314562
0.840,0.1,0.6861677933,0.6505901597
0.850,0.1,0.6828992350,0.6524452051
0.860,0.1,0.6796277874,0.6542964813
0.870,0.1,0.6763538318,0.6561438796
0.880,0.1,0.6730777418,0.6579872940
0.890,0.1,0.6697998842,0.6598266206
0.900,0.1,0.6665206185,0.6616617585
0.910,0.1,0.6632402971,0.6634926088
0.920,0.1,0.6599592658,0.6653190753
0.930,0.1,0.6566778635,0.6671410638
0.940,0.1,0.6533964223,0.6689584826
0.950,0.1,0.6501152681,0.6707712424
0.960,0.1,0.6468347198,0.6725792558
0.970,0.1,0.6435550903,0.6743824379
0.980,0.1,0.6402766862,0.6761807058
0.990,0.1,0.6369998077,0.6779739788
1.000,0.1,0.6337247491,0.6797621782
1.010,0.1,0.6304517986,0.6815452275
1.020,0.1,0.6271812384,0.6833230521
1.030,0.1,0.6239133450,0.6850955794
1.040,0.1,0.6206483893,0.6868627389
1.050,0.1,0.6173866362,0.6886244618
1.060,0.1,0.6141283453,0.6903806815
1.070,0.1,0.6108737706,0.6921313329
1.080,0.1,0.6076231607,0.6938763531
1.090,0.1,0.6043767590,0.6956156808
1.100,0.1,0.6011348036,0.6973492565
1.110,0.1,0.5978975273,0.6990770224
1.120,0.1,0.5946651581,0.7007989226
1.130,0.1,0.5914379187,0.7025149026
1.140,0.1,0.5882160272,0.7042249099
1.150,0.1,0.5849996967,0.7059288935
1.160,0.1,0.5817891353,0.7076268038
1.170,0.1,0.5785845469,0.7093185930
1.180,0.1,0.5753861303,0.7110042150
1.190,0.1,0.5721940800,0.7126836247
1.200,0.1,0.5690085860,0.7143567792
1.210,0.1,0.5658298339,0.7160236364
1.220,0.1,0.5626580048,0.7176841561
1.230,0.1,0.5594932758,0.7193382995
1.240,0.1,0.5563358195,0.7209860289
1.250,0.1,0.5531858046,0.7226273082
1.260,0.1,0.5500433955,0.7242621028
1.270,0.1,0.5469087528,0.7258903790
1.280,0.1,0.5437820330,0.7275121049
1.290,0.1,0.5406633889,0.7291272494
1.300,0.1,0.5375529692,0.7307357832
1.310,0.1,0.5344509191,0.7323376777
1.320,0.1,0.5313573800,0.7339329058
1.330,0.1,0.5282724896,0.7355214417
1.340,0.1,0.5251963820,0.7371032606
1.350,0.1,0.5221291880,0.7386783389
1.360,0.1,0.5190710347,0.7402466540
1.370,0.1,0.5160220458,0.7418081847
1.380,0.1,0.5129823417,0.7433629106
1.390,0.1,0.5099520396,0.7449108127
1.400,0.1,0.5069312533,0.7464518727
1.410,0.1,0.5039200934,0.7479860736
1.420,0.1,0.5009186675,0.7495133993
1.430,0.1,0.4979270799,0.7510338347
1.440,0.1,0.4949454321,0.7525473658
1.450,0.1,0.4919738223,0.7540539794
1.460,0.1,0.4890123461,0.7555536632
1.470,0.1,0.4860610960,0.7570464062
1.480,0.1,0.4831201617,0.7585321978
1.490,0.1,0.4801896301,0.7600110286
1.500,0.1,0.4772695854,0.7614828902
1.510,0.1,0.4743601090,0.7629477746
1.520,0.1,0.4714612796,0.7644056752
1.530,0.1,0.4685731735,0.7658565857
1.540,0.1,0.4656958643,0.7673005010
1.550,0.1,0.4628294230,0.7687374167
1.560,0.1,0.4599739182,0.7701673290
1.570,0.1,0.4571294162,0.7715902351
1.580,0.1,0.4542959806,0.7730061329
1.590,0.1,0.4514736728,0.7744150209
1.600,0.1,0.4486625520,0.7758168984
1.610,0.1,0.4458626748,0.7772117655
1.620,0.1,0.4430740960,0.7785996229
1.630,0.1,0.4402968678,0.7799804720
1.640,0.1,0.4375310405,0.7813543148
1.650,0.1,0.4347766621,0.7827211540
1.660,0.1,0.4320337786,0.7840809931
1.670,0.1,0.4293024341,0.7854338359
1.680,0.1,0.4265826703,0.7867796872
1.690,0.1,0.4238745273,0.7881185520
1.700,0.1,0.4211780431,0.7894504362
1.710,0.1,0.4184932538,0.7907753461
1.720,0.1,0.4158201936,0.7920932887
1.730,0.1,0.4131588949,0.7934042714
1.740,0.1,0.4105093883,0.7947083023
1.750,0.1,0.4078717027,0.7960053898
1.760,0.1,0.4052458651,0.7972955432
1.770,0.1,0.4026319008,0.7985787719
1.780,0.1,0.4000298337,0.7998550860
1.790,0.1,0.3974396856,0.8011244960
1.800,0.1,0.3948614770,0.8023870131
1.810,0.1,0.3922952269,0.8036426486
1.820,0.1,0.3897409523,0.8048914146
1.830,0.1,0.3871986692,0.8061333235
1.840,0.1,0.3846683918,0.8073683880
1.850,0.1,0.3821501327,0.8085966214
1.860,0.1,0.3796439035,0.8098180373
1.870,0.1,0.3771497140,0.8110326499
1.880,0.1,0.3746675727,0.8122404736
1.890,0.1,0.3721974869,0.8134415233
1.900,0.1,0.3697394623,0.8146358141
1.910,0.1,0.3672935035,0.8158233616
1.920,0.1,0.3648596138,0.8170041819
1.930,0.1,0.3624377951,0.8181782912
1.940,0.1,0.3600280481,0.8193457062
1.950,0.1,0.3576303725,0.8205064438
1.960,0.1,0.3552447666,0.8216605213
1.970,0.1,0.3528712275,0.8228079564
1.980,0.1,0.3505097513,0.8239487669
1.990,0.1,0.3481603330,0.8250829712
2.000,0.1,0.3458229664,0.8262105877
2.010,0.1,0.3434976443,0.8273316352
2.020,0.1,0.3411843584,0.8284461328
2.030,0.1,0.3388830994,0.8295540999
2.040,0.1,0.3365938569,0.8306555561
2.050,0.1,0.3343166198,0.8317505213
2.060,0.1,0.3320513757,0.8328390155
2.070,0.1,0.3297981114,0.8339210592
2.080,0.1,0.3275568128,0.8349966729
2.090,0.1,0.3253274648,0.8360658775
2.100,0.1,0.3231100516,0.8371286941
2.110,0.1,0.3209045564,0.8381851439
2.120,0.1,0.3187109615,0.8392352483
2.130,0.1,0.3165292484,0.8402790291
2.140,0.1,0.3143593979,0.8413165081
2.150,0.1,0.3122013899,0.8423477074
2.160,0.1,0.3100552036,0.8433726493
2.170,0.1,0.3079208173,0.8443913562
2.180,0.1,0.3057982088,0.8454038506
2.190,0.1,0.3036873550,0.8464101554
2.200,0.1,0.3015882320,0.8474102935
2.210,0.1,0.2995008155,0.8484042880
2.220,0.1,0.2974250803,0.8493921620
2.230,0.1,0.2953610005,0.8503739391
2.240,0.1,0.2933085499,0.8513496428
2.250,0.1,0.2912677012,0.8523192966
2.260,0.1,0.2892384268,0.8532829244
2.270,0.1,0.2872206985,0.8542405501
2.280,0.1,0.2852144874,0.8551921978
2.290,0.1,0.2832197640,0.8561378915
2.300,0.1,0.2812364984,0.8570776557
2.310,0.1,0.2792646600,0.8580115145
2.320,0.1,0.2773042179,0.8589394926
2.330,0.1,0.2753551403,0.8598616145
2.340,0.1,0.2734173953,0.8607779048
2.350,0.1,0.2714909504,0.8616883883
2.360,0.1,0.2695757724,0.8625930899
2.370,0.1,0.2676718279,0.8634920344
2.380,0.1,0.2657790829,0.8643852469
2.390,0.1,0.2638975032,0.8652727524
2.400,0.1,0.2620270538,0.8661545761
2.410,0.1,0.2601676997,0.8670307432
2.420,0.1,0.2583194051,0.8679012789
2.430,0.1,0.2564821340,0.8687662085
2.440,0.1,0.2546558502,0.8696255575
2.450,0.1,0.2528405167,0.8704793512
2.460,0.1,0.2510360966,0.8713276151
2.470,0.1,0.2492425524,0.8721703748
2.480,0.1,0.2474598463,0.8730076558
2.490,0.1,0.2456879402,0.8738394836
2.500,0.1,0.2439267956,0.8746658839
2.510,0.1,0.2421763738,0.8754868824
2.520,0.1,0.2404366359,0.8763025048
2.530,0.1,0.2387075424,0.8771127767
2.540,0.1,0.2369890539,0.8779177238
2.550,0.1,0.2352811304,0.8787173719
2.560,0.1,0.2335837319,0.8795117468
2.570,0.1,0.2318968180,0.8803008743
2.580,0.1,0.2302203480,0.8810847800
2.590,0.1,0.2285542813,0.8818634899
2.600,0.1,0.2268985767,0.8826370296
2.610,0.1,0.2252531929,0.8834054250
2.620,0.1,0.2236180886,0.8841687019
2.630,0.1,0.2219932220,0.8849268860
2.640,0.1,0.2203785513,0.8856800032
2.650,0.1,0.2187740345,0.8864280791
2.660,0.1,0.2171796293,0.8871711396
2.670,0.1,0.2155952934,0.8879092104
2.680,0.1,0.2140209843,0.8886423173
2.690,0.1,0.2124566593,0.8893704859
2.700,0.1,0.2109022755,0.8900937419
2.710,0.1,0.2093577901,0.8908121110
2.720,0.1,0.2078231598,0.8915256189
2.730,0.1,0.2062983416,0.8922342911
2.740,0.1,0.2047832921,0.8929381533
2.750,0.1,0.2032779679,0.8936372310
2.760,0.1,0.2017823253,0.8943315497
2.770,0.1,0.2002963209,0.8950211350
2.780,0.1,0.1988199107,0.8957060122
2.790,0.1,0.1973530512,0.8963862069
2.800,0.1,0.1958956983,0.8970617443
2.810,0.1,0.1944478081,0.8977326499
2.820,0.1,0.1930093367,0.8983989489
2.830,0.1,0.1915802398,0.8990606665
2.840,0.1,0.1901604733,0.8997178280
2.850,0.1,0.1887499932,0.9003704585
2.860,0.1,0.1873487550,0.9010185832
2.870,0.1,0.1859567147,0.9016622270
2.880,0.1,0.1845738277,0.9023014150
2.890,0.1,0.1832000499,0.9029361722
2.900,0.1,0.1818353369,0.9035665234
2.910,0.1,0.1804796442,0.9041924934
2.920,0.1,0.1791329275,0.9048141070
2.930,0.1,0.1777951424,0.9054313891
2.940,0.1,0.1764662444,0.9060443641
2.950,0.1,0.1751461892,0.9066530567
2.960,0.1,0.1738349324,0.9072574915
2.970,0.1,0.1725324295,0.9078576929
2.980,0.1,0.1712386362,0.9084536853
2.990,0.1,0.1699535081,0.9090454930
3.000,0.1,0.1686770009,0.9096331404
3.010,0.1,0.1674090701,0.9102166516
3.020,0.1,0.1661496717,0.9107960507
3.030,0.1,0.1648987612,0.9113713619
3.040,0.1,0.1636562944,0.9119426090
3.050,0.1,0.1624222272,0.9125098161
3.060,0.1,0.1611965155,0.9130730069
3.070,0.1,0.1599791151,0.9136322053
3.080,0.1,0.1587699819,0.9141874348
3.090,0.1,0.1575690721,0.9147387192
3.100,0.1,0.1563763416,0.9152860820
3.110,0.1,0.1551917465,0.9158295466
3.120,0.1,0.1540152432,0.9163691364
3.130,0.1,0.1528467878,0.9169048747
3.140,0.1,0.1516863366,0.9174367848
3.150,0.1,0.1505338461,0.9179648898
3.160,0.1,0.1493892726,0.9184892127
3.170,0.1,0.1482525729,0.9190097766
3.180,0.1,0.1471237034,0.9195266042
3.190,0.1,0.1460026210,0.9200397185
3.200,0.1,0.1448892824,0.9205491422
3.210,0.1,0.1437836444,0.9210548978
3.220,0.1,0.1426856642,0.9215570080
3.230,0.1,0.1415952987,0.9220554953
3.240,0.1,0.1405125051,0.9225503820
3.250,0.1,0.1394372408,0.9230416904
3.260,0.1,0.1383694629,0.9235294427
3.270,0.1,0.1373091292,0.9240136611
3.280,0.1,0.1362561970,0.9244943676
3.290,0.1,0.1352106242,0.9249715842
3.300,0.1,0.1341723684,0.9254453326
3.310,0.1,0.1331413876,0.9259156347
3.320,0.1,0.1321176399,0.9263825122
3.330,0.1,0.1311010833,0.9268459866
3.340,0.1,0.1300916761,0.9273060794
3.350,0.1,0.1290893767,0.9277628121
3.360,0.1,0.1280941435,0.9282162059
3.370,0.1,0.1271059352,0.9286662822
3.380,0.1,0.1261247105,0.9291130619
3.390,0.1,0.1251504283,0.9295565662
3.400,0.1,0.1241830475,0.9299968160
3.410,0.1,0.1232225274,0.9304338322
3.420,0.1,0.1222688270,0.9308676355
3.430,0.1,0.1213219059,0.9312982466
3.440,0.1,0.1203817235,0.9317256861
3.450,0.1,0.1194482394,0.9321499744
3.460,0.1,0.1185214135,0.9325711320
3.470,0.1,0.1176012057,0.9329891792
3.480,0.1,0.1166875760,0.9334041360
3.490,0.1,0.1157804847,0.9338160228
3.500,0.1,0.1148798920,0.9342248594
3.510,0.1,0.1139857584,0.9346306657
3.520,0.1,0.1130980447,0.9350334617
3.530,0.1,0.1122167115,0.9354332671
3.540,0.1,0.1113417197,0.9358301014
3.550,0.1,0.1104730305,0.9362239842
3.560,0.1,0.1096106050,0.9366149350
3.570,0.1,0.1087544046,0.9370029731
3.580,0.1,0.1079043908,0.9373881178
3.590,0.1,0.1070605252,0.9377703883
3.600,0.1,0.1062227696,0.9381498035
3.610,0.1,0.1053910861,0.9385263825
3.620,0.1,0.1045654367,0.9389001442
3.630,0.1,0.1037457836,0.9392711073
3.640,0.1,0.1029320893,0.9396392905
3.650,0.1,0.1021243164,0.9400047125
3.660,0.1,0.1013224275,0.9403673916
3.670,0.1,0.1005263856,0.9407273464
3.680,0.1,0.0997361537,0.9410845951
3.690,0.1,0.0989516950,0.9414391560
3.700,0.1,0.0981729728,0.9417910471
3.710,0.1,0.0973999506,0.9421402865
3.720,0.1,0.0966325921,0.9424868921
3.730,0.1,0.0958708612,0.9428308818
3.740,0.1,0.0951147218,0.9431722732
3.750,0.1,0.0943641380,0.9435110842
3.760,0.1,0.0936190742,0.9438473321
3.770,0.1,0.0928794948,0.9441810344
3.780,0.1,0.0921453645,0.9445122086
3.790,0.1,0.0914166480,0.9448408719
3.800,0.1,0.0906933102,0.9451670415
3.810,0.1,0.0899753164,0.9454907344
3.820,0.1,0.0892626316,0.9458119677
3.830,0.1,0.0885552215,0.9461307583
3.840,0.1,0.0878530516,0.9464471229
3.850,0.1,0.0871560876,0.9467610783
3.860,0.1,0.0864642954,0.9470726411
3.870,0.1,0.0857776412,0.9473818278
3.880,0.1,0.0850960911,0.9476886549
3.890,0.1,0.0844196117,0.9479931387
3.900,0.1,0.0837481694,0.9482952955
3.910,0.1,0.0830817310,0.9485951414
3.920,0.1,0.0824202634,0.9488926925
3.930,0.1,0.0817637336,0.9491879648
3.940,0.1,0.0811121089,0.9494809742
3.950,0.1,0.0804653567,0.9497717365
3.960,0.1,0.0798234445,0.9500602673
3.970,0.1,0.0791863400,0.9503465824
3.980,0.1,0.0785540111,0.9506306972
3.990,0.1,0.0779264259,0.9509126271
4.000,0.1,0.0773035525,0.9511923876
4.010,0.1,0.0766853594,0.9514699939
4.020,0.1,0.0760718149,0.9517454611
4.030,0.1,0.0754628880,0.9520188043
4.040,0.1,0.0748585473,0.9522900386
4.050,0.1,0.0742587620,0.9525591788
4.060,0.1,0.0736635011,0.9528262398
4.070,0.1,0.0730727341,0.9530912362
4.080,0.1,0.0724864304,0.9533541828
4.090,0.1,0.0719045598,0.9536150941
4.100,0.1,0.0713270919,0.9538739846
4.110,0.1,0.0707539970,0.9541308685
4.120,0.1,0.0701852450,0.9543857604
4.130,0.1,0.0696208063,0.9546386742
4.140,0.1,0.0690606513,0.9548896243
4.150,0.1,0.0685047508,0.9551386246
4.160,0.1,0.0679530755,0.9553856890
4.170,0.1,0.0674055963,0.9556308315
4.180,0.1,0.0668622844,0.9558740658
4.190,0.1,0.0663231110,0.9561154057
4.200,0.1,0.0657880477,0.9563548647
4.210,0.1,0.0652570658,0.9565924564
4.220,0.1,0.0647301373,0.9568281942
4.230,0.1,0.0642072340,0.9570620916
4.240,0.1,0.0636883281,0.9572941617
4.250,0.1,0.0631733916,0.9575244178
4.260,0.1,0.0626623970,0.9577528731
4.270,0.1,0.0621553168,0.9579795406
4.280,0.1,0.0616521238,0.9582044331
4.290,0.1,0.0611527907,0.9584275637
4.300,0.1,0.0606572906,0.9586489451
4.310,0.1,0.0601655967,0.9588685900
4.320,0.1,0.0596776822,0.9590865110
4.330,0.1,0.0591935206,0.9593027208
4.340,0.1,0.0587130856,0.9595172318
4.350,0.1,0.0582363508,0.9597300564
4.360,0.1,0.0577632903,0.9599412069
4.370,0.1,0.0572938782,0.9601506956
4.380,0.1,0.0568280886,0.9603585346
4.390,0.1,0.0563658959,0.9605647360
4.400,0.1,0.0559072747,0.9607693118
4.410,0.1,0.0554521997,0.9609722741
4.420,0.1,0.0550006457,0.9611736345
4.430,0.1,0.0545525876,0.9613734049
4.440,0.1,0.0541080007,0.9615715971
4.450,0.1,0.0536668602,0.9617682226
4.460,0.1,0.0532291415,0.9619632930
4.470,0.1,0.0527948202,0.9621568198
4.480,0.1,0.0523638721,0.9623488143
4.490,0.1,0.0519362730,0.9625392880
4.500,0.1,0.0515119989,0.9627282520
4.510,0.1,0.0510910261,0.9629157176
4.520,0.1,0.0506733307,0.9631016958
4.530,0.1,0.0502588894,0.9632861978
4.540,0.1,0.0498476785,0.9634692344
4.550,0.1,0.0494396750,0.9636508166
4.560,0.1,0.0490348557,0.9638309552
4.570,0.1,0.0486331976,0.9640096609
4.580,0.1,0.0482346779,0.9641869444
4.590,0.1,0.0478392740,0.9643628164
4.600,0.1,0.0474469631,0.9645372873
4.610,0.1,0.0470577230,0.9647103676
4.620,0.1,0.0466715315,0.9648820678
4.630,0.1,0.0462883662,0.9650523981
4.640,0.1,0.0459082053,0.9652213689
4.650,0.1,0.0455310270,0.9653889903
4.660,0.1,0.0451568094,0.9655552724
4.670,0.1,0.0447855310,0.9657202253
4.680,0.1,0.0444171704,0.9658838590
4.690,0.1,0.0440517063,0.9660461834
4.700,0.1,0.0436891175,0.9662072083
4.710,0.1,0.0433293830,0.9663669436
4.720,0.1,0.0429724818,0.9665253990
4.730,0.1,0.0426183932,0.9666825841
4.740,0.1,0.0422670966,0.9668385085
4.750,0.1,0.0419185714,0.9669931818
4.760,0.1,0.0415727973,0.9671466133
4.770,0.1,0.0412297540,0.9672988126
4.780,0.1,0.0408894214,0.9674497889
4.790,0.1,0.0405517796,0.9675995515
4.800,0.1,0.0402168087,0.9677481096
4.810,0.1,0.0398844890,0.9678954724
4.820,0.1,0.0395548009,0.9680416488
4.830,0.1,0.0392277248,0.9681866481
4.840,0.1,0.0389032415,0.9683304790
4.850,0.1,0.0385813318,0.9684731505
4.860,0.1,0.0382619765,0.9686146715
4.870,0.1,0.0379451568,0.9687550507
4.880,0.1,0.0376308536,0.9688942967
4.890,0.1,0.0373190485,0.9690324184
4.900,0.1,0.0370097227,0.9691694242
4.910,0.1,0.0367028578,0.9693053226
4.920,0.1,0.0363984354,0.9694401222
4.930,0.1,0.0360964373,0.9695738314
4.940,0.1,0.0357968454,0.9697064585
4.950,0.1,0.0354996418,0.9698380119
4.960,0.1,0.0352048085,0.9699684997
4.970,0.1,0.0349123278,0.9700979301
4.980,0.1,0.0346221821,0.9702263112
4.990,0.1,0.0343343539,0.9703536512
5.000,0.1,0.0340488257,0.9704799581
0.000,0.2,0.8245629393,0.5000000000
0.010,0.2,0.8235753138,0.5018056178
0.020,0.2,0.8225257058,0.5036222032
0.030,0.2,0.8214154466,0.5054493590
0.040,0.2,0.8202458471,0.5072866952
0.050,0.2,0.8190181982,0.5091338281
0.060,0.2,0.8177337707,0.5109903810
0.070,0.2,0.8163938163,0.5128559835
0.080,0.2,0.8149995670,0.5147302717
0.090,0.2,0.8135522360,0.5166128880
0.100,0.2,0.8120530176,0.5185034811
0.110,0.2,0.8105030878,0.5204017060
0.120,0.2,0.8089036042,0.5223072236
0.130,0.2,0.8072557063,0.5242197007
0.140,0.2,0.8055605159,0.5261388103
0.150,0.2,0.8038191375,0.5280642310
0.160,0.2,0.8020326578,0.5299956472
0.170,0.2,0.8002021469,0.5319327490
0.180,0.2,0.7983286579,0.5338752320
0.190,0.2,0.7964132273,0.5358227973
0.200,0.2,0.7944568753,0.5377751515
0.210,0.2,0.7924606057,0.5397320065
0.220,0.2,0.7904254068,0.5416930794
0.230,0.2,0.7883522507,0.5436580924
0.240,0.2,0.7862420945,0.5456267732
0.250,0.2,0.7840958796,0.5475988540
0.260,0.2,0.7819145326,0.5495740724
0.270,0.2,0.7796989651,0.5515521706
0.280,0.2,0.7774500740,0.5535328958
0.290,0.2,0.7751687418,0.5555159999
0.300,0.2,0.7728558369,0.5575012394
0.310,0.2,0.7705122133,0.5594883755
0.320,0.2,0.7681387114,0.5614771739
0.330,0.2,0.7657361578,0.5634674048
0.340,0.2,0.7633053656,0.5654588427
0.350,0.2,0.7608471347,0.5674512666
0.360,0.2,0.7583622517,0.5694444598
0.370,0.2,0.7558514904,0.5714382096
0.380,0.2,0.7533156118,0.5734323076
0.390,0.2,0.7507553644,0.5754265495
0.400,0.2,0.7481714841,0.5774207351
0.410,0.2,0.7455646948,0.5794146679
0.420,0.2,0.7429357081,0.5814081557
0.430,0.2,0.7402852239,0.5834010097
0.440,0.2,0.7376139303,0.5853930454
0.450,0.2,0.7349225037,0.5873840816
0.460,0.2,0.7322116094,0.5893739411
0.470,0.2,0.7294819012,0.5913624500
0.480,0.2,0.7267340218,0.5933494384
0.490,0.2,0.7239686033,0.5953347395
0.500,0.2,0.7211862666,0.5973181903
0.510,0.2,0.7183876222,0.5992996310
0.520,0.2,0.7155732701,0.6012789052
0.530,0.2,0.7127438001,0.6032558598
0.540,0.2,0.7098997915,0.6052303452
0.550,0.2,0.7070418139,0.6072022146
0.560,0.2,0.7041704267,0.6091713246
0.570,0.2,0.7012861799,0.6111375350
0.580,0.2,0.6983896136,0.6131007085
0.590,0.2,0.6954812585,0.6150607108
0.600,0.2,0.6925616361,0.6170174107
0.610,0.2,0.6896312584,0.6189706799
0.620,0.2,0.6866906285,0.6209203929
0.630,0.2,0.6837402407,0.6228664270
0.640,0.2,0.6807805802,0.6248086626
0.650,0.2,0.6778121237,0.6267469825
0.660,0.2,0.6748353392,0.6286812722
0.670,0.2,0.6718506864,0.6306114202
0.680,0.2,0.6688586166,0.6325373174
0.690,0.2,0.6658595728,0.6344588571
0.700,0.2,0.6628539901,0.6363759356
0.710,0.2,0.6598422955,0.6382884513
0.720,0.2,0.6568249083,0.6401963051
0.730,0.2,0.6538022398,0.6420994007
0.740,0.2,0.6507746940,0.6439976436
0.750,0.2,0.6477426671,0.6458909421
0.760,0.2,0.6447065481,0.6477792067
0.770,0.2,0.6416667186,0.6496623501
0.780,0.2,0.6386235530,0.6515402872
0.790,0.2,0.6355774187,0.6534129352
0.800,0.2,0.6325286760,0.6552802134
0.810,0.2,0.6294776785,0.6571420434
0.820,0.2,0.6264247728,0.6589983485
0.830,0.2,0.6233702990,0.6608490546
0.840,0.2,0.6203145906,0.6626940891
0.850,0.2,0.6172579745,0.6645333817
0.860,0.2,0.6142007713,0.6663668641
0.870,0.2,0.6111432953,0.6681944697
0.880,0.2,0.6080858547,0.6700161340
0.890,0.2,0.6050287515,0.6718317943
0.900,0.2,0.6019722816,0.6736413896
0.910,0.2,0.5989167351,0.6754448610
0.920,0.2,0.5958623962,0.6772421511
0.930,0.2,0.5928095435,0.6790332044
0.940,0.2,0.5897584497,0.6808179671
0.950,0.2,0.5867093821,0.6825963870
0.960,0.2,0.5836626024,0.6843684136
0.970,0.2,0.5806183671,0.6861339982
0.980,0.2,0.5775769270,0.6878930933
0.990,0.2,0.5745385280,0.6896456535
1.000,0.2,0.5715034107,0.6913916346
1.010,0.2,0.5684718106,0.6931309939
1.020,0.2,0.5654439582,0.6948636905
1.030,0.2,0.5624200791,0.6965896847
1.040,0.2,0.5594003939,0.6983089382
1.050,0.2,0.5563851186,0.7000214145
1.060,0.2,0.5533744644,0.7017270781
1.070,0.2,0.5503686378,0.7034258951
1.080,0.2,0.5473678409,0.7051178328
1.090,0.2,0.5443722712,0.7068028599
1.100,0.2,0.5413821217,0.7084809465
1.110,0.2,0.5383975812,0.7101520639
1.120,0.2,0.5354188340,0.7118161846
1.130,0.2,0.5324460604,0.7134732824
1.140,0.2,0.5294794364,0.7151233322
1.150,0.2,0.5265191340,0.7167663104
1.160,0.2,0.5235653211,0.7184021942
1.170,0.2,0.5206181615,0.7200309621
1.180,0.2,0.5176778154,0.7216525939
1.190,0.2,0.5147444389,0.7232670702
1.200,0.2,0.5118181845,0.7248743730
1.210,0.2,0.5088992008,0.7264744850
1.220,0.2,0.5059876329,0.7280673904
1.230,0.2,0.5030836222,0.7296530740
1.240,0.2,0.5001873066,0.7312315220
1.250,0.2,0.4972988204,0.7328027212
1.260,0.2,0.4944182946,0.7343666597
1.270,0.2,0.4915458567,0.7359233264
1.280,0.2,0.4886816311,0.7374727111
1.290,0.2,0.4858257386,0.7390148048
1.300,0.2,0.4829782969,0.7405495990
1.310,0.2,0.4801394208,0.7420770863
1.320,0.2,0.4773092215,0.7435972603
1.330,0.2,0.4744878076,0.7451101152
1.340,0.2,0.4716752843,0.7466156461
1.350,0.2,0.4688717542,0.7481138491
1.360,0.2,0.4660773167,0.7496047208
1.370,0.2,0.4632920683,0.7510882590
1.380,0.2,0.4605161030,0.7525644618
1.390,0.2,0.4577495117,0.7540333284
1.400,0.2,0.4549923827,0.7554948587
1.410,0.2,0.4522448016,0.7569490532
1.420,0.2,0.4495068514,0.7583959131
1.430,0.2,0.4467786125,0.7598354406
1.440,0.2,0.4440601627,0.7612676382
1.450,0.2,0.4413515772,0.7626925092
1.460,0.2,0.4386529289,0.7641100578
1.470,0.2,0.4359642883,0.7655202886
1.480,0.2,0.4332857233,0.7669232067
1.490,0.2,0.4306172997,0.7683188182
1.500,0.2,0.4279590808,0.7697071295
1.510,0.2,0.4253111277,0.7710881478
1.520,0.2,0.4226734993,0.7724618807
1.530,0.2,0.4200462523,0.7738283365
1.540,0.2,0.4174294413,0.7751875239
1.550,0.2,0.4148231187,0.7765394524
1.560,0.2,0.4122273348,0.7778841318
1.570,0.2,0.4096421380,0.7792215726
1.580,0.2,0.4070675745,0.7805517856
1.590,0.2,0.4045036888,0.7818747824
1.600,0.2,0.4019505232,0.7831905747
1.610,0.2,0.3994081183,0.7844991749
1.620,0.2,0.3968765126,0.7858005960
1.630,0.2,0.3943557429,0.7870948513
1.640,0.2,0.3918458444,0.7883819544
1.650,0.2,0.3893468501,0.7896619196
1.660,0.2,0.3868587917,0.7909347615
1.670,0.2,0.3843816988,0.7922004952
1.680,0.2,0.3819155997,0.7934591360
1.690,0.2,0.3794605207,0.7947106998
1.700,0.2,0.3770164867,0.7959552028
1.710,0.2,0.3745835211,0.7971926617
1.720,0.2,0.3721616454,0.7984230933
1.730,0.2,0.3697508800,0.7996465151
1.740,0.2,0.3673512434,0.8008629447
1.750,0.2,0.3649627528,0.8020724001
1.760,0.2,0.3625854242,0.8032748997
1.770,0.2,0.3602192717,0.8044704621
1.780,0.2,0.3578643084,0.8056591064
1.790,0.2,0.3555205458,0.8068408518
1.800,0.2,0.3531879943,0.8080157180
1.810,0.2,0.3508666627,0.8091837249
1.820,0.2,0.3485565587,0.8103448926
1.830,0.2,0.3462576887,0.8114992416
1.840,0.2,0.3439700578,0.8126467927
1.850,0.2,0.3416936701,0.8137875668
1.860,0.2,0.3394285282,0.8149215852
1.870,0.2,0.3371746337,0.8160488694
1.880,0.2,0.3349319871,0.8171694411
1.890,0.2,0.3327005876,0.8182833223
1.900,0.2,0.3304804335,0.8193905352
1.910,0.2,0.3282715219,0.8204911023
1.920,0.2,0.3260738489,0.8215850460
1.930,0.2,0.3238874096,0.8226723894
1.940,0.2,0.3217121979,0.8237531554
1.950,0.2,0.3195482069,0.8248273673
1.960,0.2,0.3173954287,0.8258950485
1.970,0.2,0.3152538544,0.8269562226
1.980,0.2,0.3131234741,0.8280109134
1.990,0.2,0.3110042771,0.8290591448
2.000,0.2,0.3088962518,0.8301009411
2.010,0.2,0.3067993857,0.8311363264
2.020,0.2,0.3047136654,0.8321653251
2.030,0.2,0.3026390767,0.8331879620
2.040,0.2,0.3005756045,0.8342042617
2.050,0.2,0.2985232332,0.8352142491
2.060,0.2,0.2964819459,0.8362179491
2.070,0.2,0.2944517255,0.8372153869
2.080,0.2,0.2924325536,0.8382065878
2.090,0.2,0.2904244116,0.8391915771
2.100,0.2,0.2884272797,0.8401703803
2.110,0.2,0.2864411376,0.8411430229
2.120,0.2,0.2844659645,0.8421095307
2.130,0.2,0.2825017387,0.8430699295
2.140,0.2,0.2805484378,0.8440242451
2.150,0.2,0.2786060389,0.8449725035
2.160,0.2,0.2766745185,0.8459147308
2.170,0.2,0.2747538524,0.8468509530
2.180,0.2,0.2728440158,0.8477811965
2.190,0.2,0.2709449834,0.8487054875
2.200,0.2,0.2690567292,0.8496238524
2.210,0.2,0.2671792267,0.8505363175
2.220,0.2,0.2653124490,0.8514429095
2.230,0.2,0.2634563685,0.8523436547
2.240,0.2,0.2616109571,0.8532385798
2.250,0.2,0.2597761863,0.8541277115
2.260,0.2,0.2579520271,0.8550110764
2.270,0.2,0.2561384499,0.8558887012
2.280,0.2,0.2543354247,0.8567606128
2.290,0.2,0.2525429212,0.8576268380
2.300,0.2,0.2507609084,0.8584874035
2.310,0.2,0.2489893550,0.8593423362
2.320,0.2,0.2472282293,0.8601916631
2.330,0.2,0.2454774992,0.8610354111
2.340,0.2,0.2437371322,0.8618736070
2.350,0.2,0.2420070954,0.8627062779
2.360,0.2,0.2402873555,0.8635334507
2.370,0.2,0.2385778788,0.8643551524
2.380,0.2,0.2368786315,0.8651714099
2.390,0.2,0.2351895792,0.8659822503
2.400,0.2,0.2335106872,0.8667877005
2.410,0.2,0.2318419206,0.8675877875
2.420,0.2,0.2301832441,0.8683825384
2.430,0.2,0.2285346221,0.8691719800
2.440,0.2,0.2268960188,0.8699561394
2.450,0.2,0.2252673980,0.8707350435
2.460,0.2,0.2236487232,0.8715087192
2.470,0.2,0.2220399578,0.8722771936
2.480,0.2,0.2204410648,0.8730404935
2.490,0.2,0.2188520072,0.8737986457
2.500,0.2,0.2172727473,0.8745516772
2.510,0.2,0.2157032476,0.8752996149
2.520,0.2,0.2141434702,0.8760424854
2.530,0.2,0.2125933771,0.8767803157
2.540,0.2,0.2110529298,0.8775131324
2.550,0.2,0.2095220900,0.8782409623
2.560,0.2,0.2080008190,0.8789638320
2.570,0.2,0.2064890778,0.8796817683
2.580,0.2,0.2049868275,0.8803947977
2.590,0.2,0.2034940289,0.8811029469
2.600,0.2,0.2020106425,0.8818062422
2.610,0.2,0.2005366290,0.8825047102
2.620,0.2,0.1990719486,0.8831983774
2.630,0.2,0.1976165615,0.8838872701
2.640,0.2,0.1961704279,0.8845714147
2.650,0.2,0.1947335075,0.8852508374
2.660,0.2,0.1933057604,0.8859255645
2.670,0.2,0.1918871462,0.8865956221
2.680,0.2,0.1904776244,0.8872610364
2.690,0.2,0.1890771547,0.8879218335
2.700,0.2,0.1876856964,0.8885780393
2.710,0.2,0.1863032089,0.8892296798
2.720,0.2,0.1849296513,0.8898767809
2.730,0.2,0.1835649829,0.8905193683
2.740,0.2,0.1822091627,0.8911574679
2.750,0.2,0.1808621498,0.8917911054
2.760,0.2,0.1795239031,0.8924203063
2.770,0.2,0.1781943816,0.8930450963
2.780,0.2,0.1768735441,0.8936655007
2.790,0.2,0.1755613495,0.8942815451
2.800,0.2,0.1742577564,0.8948932547
2.810,0.2,0.1729627237,0.8955006548
2.820,0.2,0.1716762100,0.8961037707
2.830,0.2,0.1703981740,0.8967026274
2.840,0.2,0.1691285745,0.8972972501
2.850,0.2,0.1678673700,0.8978876636
2.860,0.2,0.1666145192,0.8984738928
2.870,0.2,0.1653699807,0.8990559626
2.880,0.2,0.1641337131,0.8996338978
2.890,0.2,0.1629056750,0.9002077229
2.900,0.2,0.1616858252,0.9007774625
2.910,0.2,0.1604741221,0.9013431411
2.920,0.2,0.1592705245,0.9019047832
2.930,0.2,0.1580749910,0.9024624131
2.940,0.2,0.1568874803,0.9030160549
2.950,0.2,0.1557079512,0.9035657329
2.960,0.2,0.1545363623,0.9041114711
2.970,0.2,0.1533726724,0.9046532934
2.980,0.2,0.1522168403,0.9051912239
2.990,0.2,0.1510688249,0.9057252863
3.000,0.2,0.1499285850,0.9062555043
3.010,0.2,0.1487960796,0.9067819015
3.020,0.2,0.1476712676,0.9073045015
3.030,0.2,0.1465541081,0.9078233278
3.040,0.2,0.1454445601,0.9083384036
3.050,0.2,0.1443425828,0.9088497524
3.060,0.2,0.1432481353,0.9093573971
3.070,0.2,0.1421611770,0.9098613610
3.080,0.2,0.1410816670,0.9103616670
3.090,0.2,0.1400095649,0.9108583379
3.100,0.2,0.1389448301,0.9113513967
3.110,0.2,0.1378874221,0.9118408661
3.120,0.2,0.1368373006,0.9123267685
3.130,0.2,0.1357944251,0.9128091267
3.140,0.2,0.1347587555,0.9132879629
3.150,0.2,0.1337302517,0.9137632995
3.160,0.2,0.1327088735,0.9142351588
3.170,0.2,0.1316945810,0.9147035629
3.180,0.2,0.1306873344,0.9151685338
3.190,0.2,0.1296870937,0.9156300935
3.200,0.2,0.1286938194,0.9160882638
3.210,0.2,0.1277074717,0.9165430665
3.220,0.2,0.1267280113,0.9169945233
3.230,0.2,0.1257553987,0.9174426556
3.240,0.2,0.1247895946,0.9178874851
3.250,0.2,0.1238305598,0.9183290329
3.260,0.2,0.1228782552,0.9187673204
3.270,0.2,0.1219326419,0.9192023688
3.280,0.2,0.1209936809,0.9196341990
3.290,0.2,0.1200613335,0.9200628322
3.300,0.2,0.1191355611,0.9204882891
3.310,0.2,0.1182163250,0.9209105906
3.320,0.2,0.1173035870,0.9213297572
3.330,0.2,0.1163973086,0.9217458096
3.340,0.2,0.1154974518,0.9221587683
3.350,0.2,0.1146039783,0.9225686535
3.360,0.2,0.1137168504,0.9229754857
3.370,0.2,0.1128360302,0.9233792849
3.380,0.2,0.1119614800,0.9237800713
3.390,0.2,0.1110931621,0.9241778649
3.400,0.2,0.1102310393,0.9245726854
3.410,0.2,0.1093750741,0.9249645527
3.420,0.2,0.1085252294,0.9253534865
3.430,0.2,0.1076814681,0.9257395063
3.440,0.2,0.1068437533,0.9261226317
3.450,0.2,0.1060120482,0.9265028820
3.460,0.2,0.1051863162,0.9268802765
3.470,0.2,0.1043665207,0.9272548343
3.480,0.2,0.1035526254,0.9276265747
3.490,0.2,0.1027445940,0.9279955164
3.500,0.2,0.1019423903,0.9283616786
3.510,0.2,0.1011459785,0.9287250798
3.520,0.2,0.1003553226,0.9290857389
3.530,0.2,0.0995703870,0.9294436744
3.540,0.2,0.0987911361,0.9297989048
3.550,0.2,0.0980175345,0.9301514484
3.560,0.2,0.0972495470,0.9305013237
3.570,0.2,0.0964871383,0.9308485488
3.580,0.2,0.0957302736,0.9311931418
3.590,0.2,0.0949789180,0.9315351206
3.600,0.2,0.0942330367,0.9318745033
3.610,0.2,0.0934925952,0.9322113076
3.620,0.2,0.0927575592,0.9325455512
3.630,0.2,0.0920278943,0.9328772517
3.640,0.2,0.0913035664,0.9332064267
3.650,0.2,0.0905845416,0.9335330935
3.660,0.2,0.0898707861,0.9338572695
3.670,0.2,0.0891622661,0.9341789720
3.680,0.2,0.0884589482,0.9344982179
3.690,0.2,0.0877607990,0.9348150245
3.700,0.2,0.0870677852,0.9351294086
3.710,0.2,0.0863798738,0.9354413870
3.720,0.2,0.0856970319,0.9357509766
3.730,0.2,0.0850192266,0.9360581939
3.740,0.2,0.0843464253,0.9363630555
3.750,0.2,0.0836785957,0.9366655779
3.760,0.2,0.0830157053,0.9369657774
3.770,0.2,0.0823577219,0.9372636704
3.780,0.2,0.0817046136,0.9375592730
3.790,0.2,0.0810563485,0.9378526012
3.800,0.2,0.0804128948,0.9381436712
3.810,0.2,0.0797742211,0.9384324987
3.820,0.2,0.0791402958,0.9387190996
3.830,0.2,0.0785110877,0.9390034896
3.840,0.2,0.0778865657,0.9392856843
3.850,0.2,0.0772666989,0.9395656993
3.860,0.2,0.0766514564,0.9398435500
3.870,0.2,0.0760408076,0.9401192517
3.880,0.2,0.0754347220,0.9403928197
3.890,0.2,0.0748331691,0.9406642692
3.900,0.2,0.0742361189,0.9409336152
3.910,0.2,0.0736435413,0.9412008728
3.920,0.2,0.0730554064,0.9414660567
3.930,0.2,0.0724716844,0.9417291819
3.940,0.2,0.0718923458,0.9419902630
3.950,0.2,0.0713173610,0.9422493147
3.960,0.2,0.0707467009,0.9425063515
3.970,0.2,0.0701803363,0.9427613878
3.980,0.2,0.0696182383,0.9430144381
3.990,0.2,0.0690603778,0.9432655165
4.000,0.2,0.0685067264,0.9435146373
4.010,0.2,0.0679572555,0.9437618146
4.020,0.2,0.0674119366,0.9440070624
4.030,0.2,0.0668707416,0.9442503945
4.040,0.2,0.0663336424,0.9444918250
4.050,0.2,0.0658006111,0.9447313674
4.060,0.2,0.0652716198,0.9449690355
4.070,0.2,0.0647466410,0.9452048429
4.080,0.2,0.0642256472,0.9454388030
4.090,0.2,0.0637086110,0.9456709293
4.100,0.2,0.0631955053,0.9459012351
4.110,0.2,0.0626863031,0.9461297336
4.120,0.2,0.0621809774,0.9463564380
4.130,0.2,0.0616795016,0.9465813615
4.140,0.2,0.0611818491,0.9468045169
4.150,0.2,0.0606879933,0.9470259172
4.160,0.2,0.0601979081,0.9472455753
4.170,0.2,0.0597115673,0.9474635039
4.180,0.2,0.0592289449,0.9476797156
4.190,0.2,0.0587500151,0.9478942230
4.200,0.2,0.0582747521,0.9481070388
4.210,0.2,0.0578031304,0.9483181752
4.220,0.2,0.0573351245,0.9485276446
4.230,0.2,0.0568707094,0.9487354594
4.240,0.2,0.0564098597,0.9489416316
4.250,0.2,0.0559525505,0.9491461735
4.260,0.2,0.0554987571,0.9493490970
4.270,0.2,0.0550484546,0.9495504140
4.280,0.2,0.0546016187,0.9497501366
4.290,0.2,0.0541582248,0.9499482764
4.300,0.2,0.0537182487,0.9501448453
4.310,0.2,0.0532816663,0.9503398547
4.320,0.2,0.0528484536,0.9505333164
4.330,0.2,0.0524185868,0.9507252418
4.340,0.2,0.0519920422,0.9509156423
4.350,0.2,0.0515687962,0.9511045293
4.360,0.2,0.0511488255,0.9512919140
4.370,0.2,0.0507321067,0.9514778077
4.380,0.2,0.0503186167,0.9516622214
4.390,0.2,0.0499083325,0.9518451662
4.400,0.2,0.0495012313,0.9520266531
4.410,0.2,0.0490972903,0.9522066929
4.420,0.2,0.0486964869,0.9523852966
4.430,0.2,0.0482987988,0.9525624748
4.440,0.2,0.0479042036,0.9527382382
4.450,0.2,0.0475126790,0.9529125976
4.460,0.2,0.0471242032,0.9530855633
4.470,0.2,0.0467387541,0.9532571459
4.480,0.2,0.0463563100,0.9534273557
4.490,0.2,0.0459768492,0.9535962031
4.500,0.2,0.0456003504,0.9537636984
4.510,0.2,0.0452267920,0.9539298518
4.520,0.2,0.0448561528,0.9540946733
4.530,0.2,0.0444884117,0.9542581730
4.540,0.2,0.0441235478,0.9544203610
4.550,0.2,0.0437615403,0.9545812471
4.560,0.2,0.0434023682,0.9547408411
4.570,0.2,0.0430460112,0.9548991530
4.580,0.2,0.0426924488,0.9550561923
4.590,0.2,0.0423416605,0.9552119687
4.600,0.2,0.0419936262,0.9553664918
4.610,0.2,0.0416483259,0.9555197712
4.620,0.2,0.0413057395,0.9556718162
4.630,0.2,0.0409658473,0.9558226364
4.640,0.2,0.0406286296,0.9559722409
4.650,0.2,0.0402940667,0.9561206390
4.660,0.2,0.0399621393,0.9562678401
4.670,0.2,0.0396328280,0.9564138530
4.680,0.2,0.0393061136,0.9565586871
4.690,0.2,0.0389819771,0.9567023512
4.700,0.2,0.0386603994,0.9568448542
4.710,0.2,0.0383413619,0.9569862052
4.720,0.2,0.0380248456,0.9571264128
4.730,0.2,0.0377108322,0.9572654860
4.740,0.2,0.0373993030,0.9574034332
4.750,0.2,0.0370902398,0.9575402632
4.760,0.2,0.0367836242,0.9576759846
4.770,0.2,0.0364794383,0.9578106059
4.780,0.2,0.0361776640,0.9579441355
4.790,0.2,0.0358782834,0.9580765818
4.800,0.2,0.0355812788,0.9582079532
4.810,0.2,0.0352866325,0.9583382580
4.820,0.2,0.0349943271,0.9584675043
4.830,0.2,0.0347043450,0.9585957003
4.840,0.2,0.0344166690,0.9587228542
4.850,0.2,0.0341312820,0.9588489739
4.860,0.2,0.0338481668,0.9589740675
4.870,0.2,0.0335673064,0.9590981429
4.880,0.2,0.0332886842,0.9592212080
4.890,0.2,0.0330122832,0.9593432706
4.900,0.2,0.0327380870,0.9594643384
4.910,0.2,0.0324660789,0.9595844193
4.920,0.2,0.0321962426,0.9597035207
4.930,0.2,0.0319285618,0.9598216504
4.940,0.2,0.0316630204,0.9599388159
4.950,0.2,0.0313996022,0.9600550247
4.960,0.2,0.0311382913,0.9601702841
4.970,0.2,0.0308790718,0.9602846017
4.980,0.2,0.0306219280,0.9603979847
4.990,0.2,0.0303668442,0.9605104404
5.000,0.2,0.0301138049,0.9606219760
0.000,0.3,0.7820232710,0.5000000000
0.010,0.3,0.7805533206,0.5022012146
0.020,0.3,0.7790351977,0.5044046805
0.030,0.3,0.7774700068,0.5066101352
0.040,0.3,0.7758588346,0.5088173208
0.050,0.3,0.7742027512,0.5110259846
0.060,0.3,0.7725028100,0.5132358786
0.070,0.3,0.7707600475,0.5154467597
0.080,0.3,0.7689754844,0.5176583894
0.090,0.3,0.7671501249,0.5198705339
0.100,0.3,0.7652849576,0.5220829641
0.110,0.3,0.7633809555,0.5242954552
0.120,0.3,0.7614390760,0.5265077870
0.130,0.3,0.7594602614,0.5287197436
0.140,0.3,0.7574454389,0.5309311134
0.150,0.3,0.7553955211,0.5331416891
0.160,0.3,0.7533114059,0.5353512676
0.170,0.3,0.7511939767,0.5375596499
0.180,0.3,0.7490441029,0.5397666410
0.190,0.3,0.7468626397,0.5419720499
0.200,0.3,0.7446504286,0.5441756896
0.210,0.3,0.7424082975,0.5463773770
0.220,0.3,0.7401370609,0.5485769328
0.230,0.3,0.7378375198,0.5507741814
0.240,0.3,0.7355104626,0.5529689510
0.250,0.3,0.7331566643,0.5551610733
0.260,0.3,0.7307768877,0.5573503837
0.270,0.3,0.7283718826,0.5595367212
0.280,0.3,0.7259423867,0.5617199281
0.290,0.3,0.7234891256,0.5638998504
0.300,0.3,0.7210128126,0.5660763371
0.310,0.3,0.7185141495,0.5682492410
0.320,0.3,0.7159938262,0.5704184177
0.330,0.3,0.7134525211,0.5725837263
0.340,0.3,0.7108909012,0.5747450290
0.350,0.3,0.7083096225,0.5769021913
0.360,0.3,0.7057093297,0.5790550814
0.370,0.3,0.7030906569,0.5812035708
0.380,0.3,0.7004542272,0.5833475341
0.390,0.3,0.6978006533,0.5854868484
0.400,0.3,0.6951305373,0.5876213941
0.410,0.3,0.6924444713,0.5897510543
0.420,0.3,0.6897430368,0.5918757148
0.430,0.3,0.6870268058,0.5939952643
0.440,0.3,0.6842963401,0.5961095942
0.450,0.3,0.6815521920,0.5982185985
0.460,0.3,0.6787949040,0.6003221738
0.470,0.3,0.6760250093,0.6024202193
0.480,0.3,0.6732430318,0.6045126369
0.490,0.3,0.6704494862,0.6065993309
0.500,0.3,0.6676448781,0.6086802079
0.510,0.3,0.6648297043,0.6107551771
0.520,0.3,0.6620044526,0.6128241501
0.530,0.3,0.6591696023,0.6148870408
0.540,0.3,0.6563256243,0.6169437653
0.550,0.3,0.6534729807,0.6189942422
0.560,0.3,0.6506121256,0.6210383921
0.570,0.3,0.6477435049,0.6230761380
0.580,0.3,0.6448675563,0.6251074049
0.590,0.3,0.6419847097,0.6271321200
0.600,0.3,0.6390953870,0.6291502125
0.610,0.3,0.6362000027,0.6311616138
0.620,0.3,0.6332989632,0.6331662573
0.630,0.3,0.6303926679,0.6351640783
0.640,0.3,0.6274815086,0.6371550140
0.650,0.3,0.6245658698,0.6391390038
0.660,0.3,0.6216461289,0.6411159887
0.670,0.3,0.6187226561,0.6430859117
0.680,0.3,0.6157958148,0.6450487177
0.690,0.3,0.6128659615,0.6470043531
0.700,0.3,0.6099334459,0.6489527663
0.710,0.3,0.6069986111,0.6508939076
0.720,0.3,0.6040617935,0.6528277286
0.730,0.3,0.6011233231,0.6547541829
0.740,0.3,0.5981835237,0.6566732256
0.750,0.3,0.5952427125,0.6585848135
0.760,0.3,0.5923012008,0.6604889050
0.770,0.3,0.5893592937,0.6623854598
0.780,0.3,0.5864172902,0.6642744397
0.790,0.3,0.5834754837,0.6661558074
0.800,0.3,0.5805341613,0.6680295274
0.810,0.3,0.5775936047,0.6698955658
0.820,0.3,0.5746540900,0.6717538898
0.830,0.3,0.5717158874,0.6736044682
0.840,0.3,0.5687792620,0.6754472711
0.850,0.3,0.5658444732,0.6772822702
0.860,0.3,0.5629117752,0.6791094382
0.870,0.3,0.5599814170,0.6809287493
0.880,0.3,0.5570536424,0.6827401789
0.890,0.3,0.5541286900,0.6845437039
0.900,0.3,0.5512067936,0.6863393020
0.910,0.3,0.5482881820,0.6881269527
0.920,0.3,0.5453730790,0.6899066361
0.930,0.3,0.5424617038,0.6916783339
0.940,0.3,0.5395542709,0.6934420287
0.950,0.3,0.5366509900,0.6951977046
0.960,0.3,0.5337520663,0.6969453463
0.970,0.3,0.5308577007,0.6986849400
0.980,0.3,0.5279680893,0.7004164728
0.990,0.3,0.5250834241,0.7021399329
1.000,0.3,0.5222038928,0.7038553095
1.010,0.3,0.5193296789,0.7055625928
1.020,0.3,0.5164609615,0.7072617741
1.030,0.3,0.5135979159,0.7089528456
1.040,0.3,0.5107407133,0.7106358004
1.050,0.3,0.5078895207,0.7123106326
1.060,0.3,0.5050445015,0.7139773372
1.070,0.3,0.5022058152,0.7156359102
1.080,0.3,0.4993736173,0.7172863484
1.090,0.3,0.4965480598,0.7189286494
1.100,0.3,0.4937292909,0.7205628118
1.110,0.3,0.4909174553,0.7221888350
1.120,0.3,0.4881126942,0.7238067191
1.130,0.3,0.4853151450,0.7254164651
1.140,0.3,0.4825249420,0.7270180748
1.150,0.3,0.4797422159,0.7286115507
1.160,0.3,0.4769670943,0.7301968961
1.170,0.3,0.4741997012,0.7317741150
1.180,0.3,0.4714401577,0.7333432123
1.190,0.3,0.4686885814,0.7349041934
1.200,0.3,0.4659450872,0.7364570644
1.210,0.3,0.4632097864,0.7380018323
1.220,0.3,0.4604827879,0.7395385044
1.230,0.3,0.4577641970,0.7410670890
1.240,0.3,0.4550541165,0.7425875949
1.250,0.3,0.4523526462,0.7441000315
1.260,0.3,0.4496598831,0.7456044089
1.270,0.3,0.4469759213,0.7471007376
1.280,0.3,0.4443008523,0.7485890290
1.290,0.3,0.4416347648,0.7500692948
1.300,0.3,0.4389777451,0.7515415474
1.310,0.3,0.4363298764,0.7530057997
1.320,0.3,0.4336912399,0.7544620651
1.330,0.3,0.4310619140,0.7559103577
1.340,0.3,0.4284419746,0.7573506919
1.350,0.3,0.4258314952,0.7587830826
1.360,0.3,0.4232305469,0.7602075454
1.370,0.3,0.4206391986,0.7616240962
1.380,0.3,0.4180575167,0.7630327515
1.390,0.3,0.4154855654,0.7644335281
1.400,0.3,0.4129234067,0.7658264433
1.410,0.3,0.4103711003,0.7672115149
1.420,0.3,0.4078287039,0.7685887611
1.430,0.3,0.4052962728,0.7699582004
1.440,0.3,0.4027738606,0.7713198520
1.450,0.3,0.4002615185,0.7726737351
1.460,0.3,0.3977592959,0.7740198696
1.470,0.3,0.3952672401,0.7753582756
1.480,0.3,0.3927853967,0.7766889736
1.490,0.3,0.3903138089,0.7780119846
1.500,0.3,0.3878525186,0.7793273297
1.510,0.3,0.3854015654,0.7806350306
1.520,0.3,0.3829609873,0.7819351091
1.530,0.3,0.3805308206,0.7832275874
1.540,0.3,0.3781110996,0.7845124880
1.550,0.3,0.3757018571,0.7857898339
1.560,0.3,0.3733031242,0.7870596481
1.570,0.3,0.3709149302,0.7883219540
1.580,0.3,0.3685373028,0.7895767754
1.590,0.3,0.3661702683,0.7908241363
1.600,0.3,0.3638138512,0.7920640607
1.610,0.3,0.3614680747,0.7932965733
1.620,0.3,0.3591329601,0.7945216988
1.630,0.3,0.3568085277,0.7957394621
1.640,0.3,0.3544947960,0.7969498885
1.650,0.3,0.3521917823,0.7981530035
1.660,0.3,0.3498995022,0.7993488326
1.670,0.3,0.3476179703,0.8005374017
1.680,0.3,0.3453471994,0.8017187370
1.690,0.3,0.3430872015,0.8028928647
1.700,0.3,0.3408379870,0.8040598113
1.710,0.3,0.3385995649,0.8052196034
1.720,0.3,0.3363719432,0.8063722680
1.730,0.3,0.3341551286,0.8075178319
1.740,0.3,0.3319491266,0.8086563224
1.750,0.3,0.3297539414,0.8097877669
1.760,0.3,0.3275695763,0.8109121928
1.770,0.3,0.3253960332,0.8120296278
1.780,0.3,0.3232333131,0.8131400996
1.790,0.3,0.3210814157,0.8142436363
1.800,0.3,0.3189403398,0.8153402659
1.810,0.3,0.3168100831,0.8164300166
1.820,0.3,0.3146906423,0.8175129167
1.830,0.3,0.3125820130,0.8185889946
1.840,0.3,0.3104841899,0.8196582789
1.850,0.3,0.3083971668,0.8207207983
1.860,0.3,0.3063209364,0.8217765815
1.870,0.3,0.3042554905,0.8228256574
1.880,0.3,0.3022008202,0.8238680548
1.890,0.3,0.3001569154,0.8249038030
1.900,0.3,0.2981237654,0.8259329309
1.910,0.3,0.2961013584,0.8269554678
1.920,0.3,0.2940896821,0.8279714429
1.930,0.3,0.2920887230,0.8289808856
1.940,0.3,0.2900984671,0.8299838254
1.950,0.3,0.2881188994,0.8309802916
1.960,0.3,0.2861500044,0.8319703138
1.970,0.3,0.2841917656,0.8329539216
1.980,0.3,0.2822441659,0.8339311446
1.990,0.3,0.2803071874,0.8349020125
2.000,0.3,0.2783808117,0.8358665550
2.010,0.3,0.2764650194,0.8368248019
2.020,0.3,0.2745597907,0.8377767829
2.030,0.3,0.2726651050,0.8387225279
2.040,0.3,0.2707809412,0.8396620668
2.050,0.3,0.2689072775,0.8405954293
2.060,0.3,0.2670440914,0.8415226454
2.070,0.3,0.2651913599,0.8424437450
2.080,0.3,0.2633490595,0.8433587580
2.090,0.3,0.2615171661,0.8442677144
2.100,0.3,0.2596956548,0.8451706440
2.110,0.3,0.2578845004,0.8460675769
2.120,0.3,0.2560836773,0.8469585429
2.130,0.3,0.2542931591,0.8478435721
2.140,0.3,0.2525129190,0.8487226943
2.150,0.3,0.2507429298,0.8495959394
2.160,0.3,0.2489831637,0.8504633375
2.170,0.3,0.2472335926,0.8513249183
2.180,0.3,0.2454941877,0.8521807118
2.190,0.3,0.2437649200,0.8530307479
2.200,0.3,0.2420457599,0.8538750563
2.210,0.3,0.2403366775,0.8547136670
2.220,0.3,0.2386376426,0.8555466096
2.230,0.3,0.2369486242,0.8563739141
2.240,0.3,0.2352695914,0.8571956100
2.250,0.3,0.2336005126,0.8580117272
2.260,0.3,0.2319413559,0.8588222953
2.270,0.3,0.2302920893,0.8596273438
2.280,0.3,0.2286526800,0.8604269025
2.290,0.3,0.2270230953,0.8612210008
2.300,0.3,0.2254033019,0.8620096683
2.310,0.3,0.2237932663,0.8627929344
2.320,0.3,0.2221929547,0.8635708285
2.330,0.3,0.2206023330,0.8643433799
2.340,0.3,0.2190213669,0.8651106181
2.350,0.3,0.2174500216,0.8658725721
2.360,0.3,0.2158882622,0.8666292713
2.370,0.3,0.2143360535,0.8673807447
2.380,0.3,0.2127933600,0.8681270214
2.390,0.3,0.2112601462,0.8688681305
2.400,0.3,0.2097363761,0.8696041009
2.410,0.3,0.2082220135,0.8703349615
2.420,0.3,0.2067170221,0.8710607411
2.430,0.3,0.2052213653,0.8717814684
2.440,0.3,0.2037350065,0.8724971722
2.450,0.3,0.2022579085,0.8732078811
2.460,0.3,0.2007900344,0.8739136235
2.470,0.3,0.1993313467,0.8746144280
2.480,0.3,0.1978818080,0.8753103230
2.490,0.3,0.1964413807,0.8760013368
2.500,0.3,0.1950100269,0.8766874975
2.510,0.3,0.1935877087,0.8773688335
2.520,0.3,0.1921743879,0.8780453727
2.530,0.3,0.1907700264,0.8787171432
2.540,0.3,0.1893745858,0.8793841729
2.550,0.3,0.1879880276,0.8800464896
2.560,0.3,0.1866103131,0.8807041211
2.570,0.3,0.1852414038,0.8813570950
2.580,0.3,0.1838812606,0.8820054389
2.590,0.3,0.1825298448,0.8826491803
2.600,0.3,0.1811871173,0.8832883466
2.610,0.3,0.1798530391,0.8839229651
2.620,0.3,0.1785275708,0.8845530631
2.630,0.3,0.1772106733,0.8851786676
2.640,0.3,0.1759023072,0.8857998057
2.650,0.3,0.1746024332,0.8864165044
2.660,0.3,0.1733110118,0.8870287905
2.670,0.3,0.1720280034,0.8876366907
2.680,0.3,0.1707533685,0.8882402317
2.690,0.3,0.1694870675,0.8888394402
2.700,0.3,0.1682290607,0.8894343424
2.710,0.3,0.1669793085,0.8900249649
2.720,0.3,0.1657377711,0.8906113338
2.730,0.3,0.1645044088,0.8911934754
2.740,0.3,0.1632791818,0.8917714158
2.750,0.3,0.1620620503,0.8923451808
2.760,0.3,0.1608529746,0.8929147964
2.770,0.3,0.1596519148,0.8934802883
2.780,0.3,0.1584588311,0.8940416822
2.790,0.3,0.1572736837,0.8945990037
2.800,0.3,0.1560964328,0.8951522782
2.810,0.3,0.1549270386,0.8957015311
2.820,0.3,0.1537654612,0.8962467877
2.830,0.3,0.1526116609,0.8967880730
2.840,0.3,0.1514655980,0.8973254122
2.850,0.3,0.1503272327,0.8978588302
2.860,0.3,0.1491965252,0.8983883517
2.870,0.3,0.1480734360,0.8989140016
2.880,0.3,0.1469579252,0.8994358045
2.890,0.3,0.1458499534,0.8999537848
2.900,0.3,0.1447494809,0.9004679670
2.910,0.3,0.1436564681,0.9009783754
2.920,0.3,0.1425708757,0.9014850342
2.930,0.3,0.1414926640,0.9019879674
2.940,0.3,0.1404217938,0.9024871991
2.950,0.3,0.1393582257,0.9029827531
2.960,0.3,0.1383019203,0.9034746531
2.970,0.3,0.1372528386,0.9039629229
2.980,0.3,0.1362109411,0.9044475859
2.990,0.3,0.1351761890,0.9049286656
3.000,0.3,0.1341485431,0.9054061854
3.010,0.3,0.1331279645,0.9058801684
3.020,0.3,0.1321144142,0.9063506377
3.030,0.3,0.1311078535,0.9068176163
3.040,0.3,0.1301082436,0.9072811272
3.050,0.3,0.1291155458,0.9077411931
3.060,0.3,0.1281297216,0.9081978367
3.070,0.3,0.1271507324,0.9086510804
3.080,0.3,0.1261785398,0.9091009469
3.090,0.3,0.1252131055,0.9095474583
3.100,0.3,0.1242543913,0.9099906370
3.110,0.3,0.1233023590,0.9104305050
3.120,0.3,0.1223569705,0.9108670844
3.130,0.3,0.1214181879,0.9113003970
3.140,0.3,0.1204859734,0.9117304647
3.150,0.3,0.1195602891,0.9121573090
3.160,0.3,0.1186410975,0.9125809517
3.170,0.3,0.1177283609,0.9130014140
3.180,0.3,0.1168220419,0.9134187175
3.190,0.3,0.1159221031,0.9138328832
3.200,0.3,0.1150285074,0.9142439324
3.210,0.3,0.1141412176,0.9146518861
3.220,0.3,0.1132601967,0.9150567651
3.230,0.3,0.1123854077,0.9154585903
3.240,0.3,0.1115168139,0.9158573823
3.250,0.3,0.1106543786,0.9162531617
3.260,0.3,0.1097980652,0.9166459490
3.270,0.3,0.1089478373,0.9170357646
3.280,0.3,0.1081036586,0.9174226286
3.290,0.3,0.1072654928,0.9178065613
3.300,0.3,0.1064333040,0.9181875827
3.310,0.3,0.1056070561,0.9185657127
3.320,0.3,0.1047867132,0.9189409711
3.330,0.3,0.1039722398,0.9193133776
3.340,0.3,0.1031636001,0.9196829518
3.350,0.3,0.1023607588,0.9200497133
3.360,0.3,0.1015636805,0.9204136813
3.370,0.3,0.1007723300,0.9207748753
3.380,0.3,0.0999866723,0.9211333143
3.390,0.3,0.0992066724,0.9214890174
3.400,0.3,0.0984322954,0.9218420035
3.410,0.3,0.0976635068,0.9221922916
3.420,0.3,0.0969002720,0.9225399004
3.430,0.3,0.0961425565,0.9228848485
3.440,0.3,0.0953903262,0.9232271544
3.450,0.3,0.0946435468,0.9235668366
3.460,0.3,0.0939021843,0.9239039134
3.470,0.3,0.0931662050,0.9242384030
3.480,0.3,0.0924355750,0.9245703235
3.490,0.3,0.0917102608,0.9248996929
3.500,0.3,0.0909902290,0.9252265292
3.510,0.3,0.0902754462,0.9255508501
3.520,0.3,0.0895658792,0.9258726734
3.530,0.3,0.0888614950,0.9261920166
3.540,0.3,0.0881622608,0.9265088972
3.550,0.3,0.0874681438,0.9268233326
3.560,0.3,0.0867791114,0.9271353402
3.570,0.3,0.0860951311,0.9274449370
3.580,0.3,0.0854161705,0.9277521402
3.590,0.3,0.0847421977,0.9280569667
3.600,0.3,0.0840731803,0.9283594335
3.610,0.3,0.0834090867,0.9286595572
3.620,0.3,0.0827498851,0.9289573547
3.630,0.3,0.0820955438,0.9292528424
3.640,0.3,0.0814460313,0.9295460369
3.650,0.3,0.0808013165,0.9298369546
3.660,0.3,0.0801613681,0.9301256116
3.670,0.3,0.0795261550,0.9304120242
3.680,0.3,0.0788956465,0.9306962086
3.690,0.3,0.0782698117,0.9309781806
3.700,0.3,0.0776486202,0.9312579562
3.710,0.3,0.0770320414,0.9315355511
3.720,0.3,0.0764200450,0.9318109811
3.730,0.3,0.0758126010,0.9320842617
3.740,0.3,0.0752096792,0.9323554085
3.750,0.3,0.0746112499,0.9326244368
3.760,0.3,0.0740172834,0.9328913621
3.770,0.3,0.0734277501,0.9331561994
3.780,0.3,0.0728426205,0.9334189639
3.790,0.3,0.0722618654,0.9336796707
3.800,0.3,0.0716854557,0.9339383347
3.810,0.3,0.0711133624,0.9341949707
3.820,0.3,0.0705455567,0.9344495935
3.830,0.3,0.0699820098,0.9347022176
3.840,0.3,0.0694226933,0.9349528578
3.850,0.3,0.0688675788,0.9352015285
3.860,0.3,0.0683166380,0.9354482439
3.870,0.3,0.0677698428,0.9356930185
3.880,0.3,0.0672271652,0.9359358665
3.890,0.3,0.0666885775,0.9361768018
3.900,0.3,0.0661540520,0.9364158386
3.910,0.3,0.0656235612,0.9366529908
3.920,0.3,0.0650970777,0.9368882722
3.930,0.3,0.0645745743,0.9371216966
3.940,0.3,0.0640560239,0.9373532776
3.950,0.3,0.0635413995,0.9375830288
3.960,0.3,0.0630306744,0.9378109637
3.970,0.3,0.0625238220,0.9380370957
3.980,0.3,0.0620208157,0.9382614381
3.990,0.3,0.0615216291,0.9384840041
4.000,0.3,0.0610262362,0.9387048068
4.010,0.3,0.0605346107,0.9389238594
4.020,0.3,0.0600467267,0.9391411748
4.030,0.3,0.0595625585,0.9393567658
4.040,0.3,0.0590820805,0.9395706453
4.050,0.3,0.0586052671,0.9397828260
4.060,0.3,0.0581320930,0.9399933204
4.070,0.3,0.0576625329,0.9402021413
4.080,0.3,0.0571965618,0.9404093010
4.090,0.3,0.0567341548,0.9406148119
4.100,0.3,0.0562752871,0.9408186863
4.110,0.3,0.0558199339,0.9410209364
4.120,0.3,0.0553680709,0.9412215744
4.130,0.3,0.0549196735,0.9414206124
4.140,0.3,0.0544747177,0.9416180622
4.150,0.3,0.0540331793,0.9418139359
4.160,0.3,0.0535950343,0.9420082451
4.170,0.3,0.0531602589,0.9422010018
4.180,0.3,0.0527288295,0.9423922175
4.190,0.3,0.0523007226,0.9425819037
4.200,0.3,0.0518759146,0.9427700721
4.210,0.3,0.0514543824,0.9429567340
4.220,0.3,0.0510361028,0.9431419008
4.230,0.3,0.0506210528,0.9433255837
4.240,0.3,0.0502092095,0.9435077940
4.250,0.3,0.0498005504,0.9436885428
4.260,0.3,0.0493950526,0.9438678411
4.270,0.3,0.0489926939,0.9440456999
4.280,0.3,0.0485934518,0.9442221301
4.290,0.3,0.0481973042,0.9443971425
4.300,0.3,0.0478042291,0.9445707478
4.310,0.3,0.0474142045,0.9447429567
4.320,0.3,0.0470272086,0.9449137799
4.330,0.3,0.0466432197,0.9450832278
4.340,0.3,0.0462622164,0.9452513110
4.350,0.3,0.0458841773,0.9454180397
4.360,0.3,0.0455090810,0.9455834243
4.370,0.3,0.0451369064,0.9457474751
4.380,0.3,0.0447676326,0.9459102022
4.390,0.3,0.0444012387,0.9460716157
4.400,0.3,0.0440377038,0.9462317257
4.410,0.3,0.0436770075,0.9463905420
4.420,0.3,0.0433191291,0.9465480747
4.430,0.3,0.0429640483,0.9467043335
4.440,0.3,0.0426117450,0.9468593281
4.450,0.3,0.0422621988,0.9470130683
4.460,0.3,0.0419153900,0.9471655637
4.470,0.3,0.0415712986,0.9473168238
4.480,0.3,0.0412299048,0.9474668581
4.490,0.3,0.0408911891,0.9476156761
4.500,0.3,0.0405551320,0.9477632870
4.510,0.3,0.0402217140,0.9479097002
4.520,0.3,0.0398909159,0.9480549249
4.530,0.3,0.0395627187,0.9481989703
4.540,0.3,0.0392371033,0.9483418453
4.550,0.3,0.0389140508,0.9484835592
4.560,0.3,0.0385935424,0.9486241207
4.570,0.3,0.0382755596,0.9487635389
4.580,0.3,0.0379600837,0.9489018226
4.590,0.3,0.0376470964,0.9490389805
4.600,0.3,0.0373365794,0.9491750214
4.610,0.3,0.0370285145,0.9493099538
4.620,0.3,0.0367228836,0.9494437865
4.630,0.3,0.0364196689,0.9495765278
4.640,0.3,0.0361188524,0.9497081864
4.650,0.3,0.0358204166,0.9498387705
4.660,0.3,0.0355243437,0.9499682886
4.670,0.3,0.0352306164,0.9500967489
4.680,0.3,0.0349392172,0.9502241596
4.690,0.3,0.0346501289,0.9503505290
4.700,0.3,0.0343633344,0.9504758651
4.710,0.3,0.0340788166,0.9506001760
4.720,0.3,0.0337965587,0.9507234696
4.730,0.3,0.0335165438,0.9508457540
4.740,0.3,0.0332387552,0.9509670369
4.750,0.3,0.0329631764,0.9510873263
4.760,0.3,0.0326897908,0.9512066298
4.770,0.3,0.0324185822,0.9513249552
4.780,0.3,0.0321495342,0.9514423101
4.790,0.3,0.0318826308,0.9515587022
4.800,0.3,0.0316178558,0.9516741390
4.810,0.3,0.0313551934,0.9517886279
4.820,0.3,0.0310946277,0.9519021764
4.830,0.3,0.0308361430,0.9520147919
4.840,0.3,0.0305797236,0.9521264817
4.850,0.3,0.0303253542,0.9522372530
4.860,0.3,0.0300730192,0.9523471132
4.870,0.3,0.0298227034,0.9524560693
4.880,0.3,0.0295743915,0.9525641285
4.890,0.3,0.0293280685,0.9526712978
4.900,0.3,0.0290837194,0.9527775842
4.910,0.3,0.0288413293,0.9528829948
4.920,0.3,0.0286008833,0.9529875364
4.930,0.3,0.0283623668,0.9530912158
4.940,0.3,0.0281257653,0.9531940400
4.950,0.3,0.0278910641,0.9532960155
4.960,0.3,0.0276582490,0.9533971492
4.970,0.3,0.0274273056,0.9534974477
4.980,0.3,0.0271982197,0.9535969176
4.990,0.3,0.0269709773,0.9536955654
5.000,0.3,0.0267455642,0.9537933977
