# Source Data for Fig. 7a: independent leakage model, k1 = k2 = k = 1
# Recomputed from the closed forms in the paper, not from the co-author's code.
# Input state alpha = sqrt(0.6), beta = sqrt(0.4).
time,gamma,expected_holevo_bits,eve_fidelity
0.000,0.0,1.0000000000,0.5000000000
0.010,0.0,0.9905662267,0.5058606822
0.020,0.0,0.9812160958,0.5116455137
0.030,0.0,0.9719489775,0.5173555963
0.040,0.0,0.9627642442,0.5229920142
0.050,0.0,0.9536612707,0.5285558340
0.060,0.0,0.9446394342,0.5340481050
0.070,0.0,0.9356981143,0.5394698598
0.080,0.0,0.9268366930,0.5448221141
0.090,0.0,0.9180545549,0.5501058675
0.100,0.0,0.9093510872,0.5553221035
0.110,0.0,0.9007256795,0.5604717897
0.120,0.0,0.8921777243,0.5655558784
0.130,0.0,0.8837066168,0.5705753066
0.140,0.0,0.8753117547,0.5755309963
0.150,0.0,0.8669925386,0.5804238549
0.160,0.0,0.8587483721,0.5852547752
0.170,0.0,0.8505786613,0.5900246361
0.180,0.0,0.8424828154,0.5947343023
0.190,0.0,0.8344602465,0.5993846249
0.200,0.0,0.8265103695,0.6039764416
0.210,0.0,0.8186326025,0.6085105767
0.220,0.0,0.8108263664,0.6129878416
0.230,0.0,0.8030910852,0.6174090350
0.240,0.0,0.7954261858,0.6217749429
0.250,0.0,0.7878310984,0.6260863392
0.260,0.0,0.7803052562,0.6303439853
0.270,0.0,0.7728480954,0.6345486309
0.280,0.0,0.7654590555,0.6387010141
0.290,0.0,0.7581375790,0.6428018614
0.300,0.0,0.7508831117,0.6468518877
0.310,0.0,0.7436951024,0.6508517973
0.320,0.0,0.7365730032,0.6548022830
0.330,0.0,0.7295162695,0.6587040274
0.340,0.0,0.7225243597,0.6625577022
0.350,0.0,0.7155967357,0.6663639687
0.360,0.0,0.7087328624,0.6701234782
0.370,0.0,0.7019322080,0.6738368718
0.380,0.0,0.6951942441,0.6775047808
0.390,0.0,0.6885184455,0.6811278268
0.400,0.0,0.6819042901,0.6847066219
0.410,0.0,0.6753512594,0.6882417688
0.420,0.0,0.6688588379,0.6917338609
0.430,0.0,0.6624265136,0.6951834827
0.440,0.0,0.6560537776,0.6985912097
0.450,0.0,0.6497401244,0.7019576086
0.460,0.0,0.6434850519,0.7052832377
0.470,0.0,0.6372880611,0.7085686466
0.480,0.0,0.6311486564,0.7118143767
0.490,0.0,0.6250663456,0.7150209611
0.500,0.0,0.6190406395,0.7181889251
0.510,0.0,0.6130710526,0.7213187859
0.520,0.0,0.6071571024,0.7244110528
0.530,0.0,0.6012983098,0.7274662278
0.540,0.0,0.5954941990,0.7304848051
0.550,0.0,0.5897442975,0.7334672716
0.560,0.0,0.5840481360,0.7364141069
0.570,0.0,0.5784052485,0.7393257835
0.580,0.0,0.5728151725,0.7422027667
0.590,0.0,0.5672774483,0.7450455151
0.600,0.0,0.5617916200,0.7478544804
0.610,0.0,0.5563572346,0.7506301076
0.620,0.0,0.5509738424,0.7533728350
0.630,0.0,0.5456409970,0.7560830947
0.640,0.0,0.5403582554,0.7587613123
0.650,0.0,0.5351251774,0.7614079069
0.660,0.0,0.5299413264,0.7640232918
0.670,0.0,0.5248062689,0.7666078741
0.680,0.0,0.5197195746,0.7691620548
0.690,0.0,0.5146808162,0.7716862293
0.700,0.0,0.5096895699,0.7741807870
0.710,0.0,0.5047454149,0.7766461118
0.720,0.0,0.4998479336,0.7790825818
0.730,0.0,0.4949967114,0.7814905699
0.740,0.0,0.4901913370,0.7838704433
0.750,0.0,0.4854314022,0.7862225640
0.760,0.0,0.4807165019,0.7885472889
0.770,0.0,0.4760462341,0.7908449696
0.780,0.0,0.4714201998,0.7931159527
0.790,0.0,0.4668380032,0.7953605796
0.800,0.0,0.4622992516,0.7975791873
0.810,0.0,0.4578035551,0.7997721074
0.820,0.0,0.4533505271,0.8019396671
0.830,0.0,0.4489397839,0.8040821889
0.840,0.0,0.4445709449,0.8061999906
0.850,0.0,0.4402436323,0.8082933855
0.860,0.0,0.4359574715,0.8103626826
0.870,0.0,0.4317120906,0.8124081863
0.880,0.0,0.4275071211,0.8144301967
0.890,0.0,0.4233421969,0.8164290099
0.900,0.0,0.4192169552,0.8184049175
0.910,0.0,0.4151310360,0.8203582073
0.920,0.0,0.4110840822,0.8222891629
0.930,0.0,0.4070757394,0.8241980639
0.940,0.0,0.4031056564,0.8260851859
0.950,0.0,0.3991734845,0.8279508009
0.960,0.0,0.3952788782,0.8297951768
0.970,0.0,0.3914214945,0.8316185781
0.980,0.0,0.3876009932,0.8334212654
0.990,0.0,0.3838170372,0.8352034956
1.000,0.0,0.3800692919,0.8369655222
1.010,0.0,0.3763574254,0.8387075951
1.020,0.0,0.3726811088,0.8404299609
1.030,0.0,0.3690400157,0.8421328627
1.040,0.0,0.3654338226,0.8438165400
1.050,0.0,0.3618622084,0.8454812295
1.060,0.0,0.3583248549,0.8471271643
1.070,0.0,0.3548214465,0.8487545743
1.080,0.0,0.3513516702,0.8503636865
1.090,0.0,0.3479152158,0.8519547245
1.100,0.0,0.3445117754,0.8535279091
1.110,0.0,0.3411410439,0.8550834579
1.120,0.0,0.3378027188,0.8566215857
1.130,0.0,0.3344965000,0.8581425043
1.140,0.0,0.3312220901,0.8596464227
1.150,0.0,0.3279791941,0.8611335469
1.160,0.0,0.3247675196,0.8626040804
1.170,0.0,0.3215867765,0.8640582236
1.180,0.0,0.3184366776,0.8654961746
1.190,0.0,0.3153169376,0.8669181285
1.200,0.0,0.3122272741,0.8683242779
1.210,0.0,0.3091674070,0.8697148130
1.220,0.0,0.3061370584,0.8710899212
1.230,0.0,0.3031359530,0.8724497874
1.240,0.0,0.3001638179,0.8737945944
1.250,0.0,0.2972203824,0.8751245221
1.260,0.0,0.2943053783,0.8764397482
1.270,0.0,0.2914185396,0.8777404482
1.280,0.0,0.2885596028,0.8790267951
1.290,0.0,0.2857283064,0.8802989596
1.300,0.0,0.2829243914,0.8815571103
1.310,0.0,0.2801476010,0.8828014133
1.320,0.0,0.2773976807,0.8840320329
1.330,0.0,0.2746743781,0.8852491309
1.340,0.0,0.2719774432,0.8864528672
1.350,0.0,0.2693066279,0.8876433996
1.360,0.0,0.2666616867,0.8888208836
1.370,0.0,0.2640423758,0.8899854729
1.380,0.0,0.2614484540,0.8911373192
1.390,0.0,0.2588796818,0.8922765721
1.400,0.0,0.2563358222,0.8934033793
1.410,0.0,0.2538166400,0.8945178868
1.420,0.0,0.2513219023,0.8956202383
1.430,0.0,0.2488513782,0.8967105760
1.440,0.0,0.2464048388,0.8977890401
1.450,0.0,0.2439820573,0.8988557690
1.460,0.0,0.2415828089,0.8999108995
1.470,0.0,0.2392068708,0.9009545663
1.480,0.0,0.2368540221,0.9019869027
1.490,0.0,0.2345240442,0.9030080401
1.500,0.0,0.2322167200,0.9040181083
1.510,0.0,0.2299318347,0.9050172354
1.520,0.0,0.2276691753,0.9060055481
1.530,0.0,0.2254285308,0.9069831710
1.540,0.0,0.2232096919,0.9079502276
1.550,0.0,0.2210124514,0.9089068396
1.560,0.0,0.2188366039,0.9098531273
1.570,0.0,0.2166819457,0.9107892092
1.580,0.0,0.2145482753,0.9117152026
1.590,0.0,0.2124353926,0.9126312232
1.600,0.0,0.2103430997,0.9135373853
1.610,0.0,0.2082712002,0.9144338016
1.620,0.0,0.2062194996,0.9153205837
1.630,0.0,0.2041878053,0.9161978415
1.640,0.0,0.2021759262,0.9170656836
1.650,0.0,0.2001836731,0.9179242174
1.660,0.0,0.1982108585,0.9187735488
1.670,0.0,0.1962572965,0.9196137824
1.680,0.0,0.1943228032,0.9204450216
1.690,0.0,0.1924071961,0.9212673683
1.700,0.0,0.1905102943,0.9220809235
1.710,0.0,0.1886319190,0.9228857866
1.720,0.0,0.1867718925,0.9236820560
1.730,0.0,0.1849300391,0.9244698287
1.740,0.0,0.1831061845,0.9252492006
1.750,0.0,0.1813001563,0.9260202665
1.760,0.0,0.1795117833,0.9267831199
1.770,0.0,0.1777408962,0.9275378533
1.780,0.0,0.1759873270,0.9282845579
1.790,0.0,0.1742509094,0.9290233238
1.800,0.0,0.1725314787,0.9297542402
1.810,0.0,0.1708288716,0.9304773951
1.820,0.0,0.1691429263,0.9311928753
1.830,0.0,0.1674734826,0.9319007667
1.840,0.0,0.1658203817,0.9326011541
1.850,0.0,0.1641834663,0.9332941212
1.860,0.0,0.1625625806,0.9339797509
1.870,0.0,0.1609575701,0.9346581250
1.880,0.0,0.1593682820,0.9353293241
1.890,0.0,0.1577945647,0.9359934281
1.900,0.0,0.1562362680,0.9366505159
1.910,0.0,0.1546932433,0.9373006654
1.920,0.0,0.1531653431,0.9379439534
1.930,0.0,0.1516524216,0.9385804561
1.940,0.0,0.1501543342,0.9392102486
1.950,0.0,0.1486709376,0.9398334051
1.960,0.0,0.1472020898,0.9404499989
1.970,0.0,0.1457476503,0.9410601026
1.980,0.0,0.1443074799,0.9416637877
1.990,0.0,0.1428814405,0.9422611250
2.000,0.0,0.1414693956,0.9428521843
2.010,0.0,0.1400712097,0.9434370349
2.020,0.0,0.1386867486,0.9440157450
2.030,0.0,0.1373158796,0.9445883819
2.040,0.0,0.1359584711,0.9451550124
2.050,0.0,0.1346143926,0.9457157024
2.060,0.0,0.1332835150,0.9462705170
2.070,0.0,0.1319657104,0.9468195204
2.080,0.0,0.1306608521,0.9473627763
2.090,0.0,0.1293688145,0.9479003474
2.100,0.0,0.1280894734,0.9484322960
2.110,0.0,0.1268227054,0.9489586833
2.120,0.0,0.1255683887,0.9494795700
2.130,0.0,0.1243264023,0.9499950160
2.140,0.0,0.1230966266,0.9505050806
2.150,0.0,0.1218789430,0.9510098223
2.160,0.0,0.1206732339,0.9515092990
2.170,0.0,0.1194793832,0.9520035679
2.180,0.0,0.1182972754,0.9524926856
2.190,0.0,0.1171267965,0.9529767078
2.200,0.0,0.1159678334,0.9534556898
2.210,0.0,0.1148202741,0.9539296862
2.220,0.0,0.1136840077,0.9543987510
2.230,0.0,0.1125589243,0.9548629375
2.240,0.0,0.1114449150,0.9553222984
2.250,0.0,0.1103418721,0.9557768858
2.260,0.0,0.1092496887,0.9562267512
2.270,0.0,0.1081682591,0.9566719457
2.280,0.0,0.1070974787,0.9571125194
2.290,0.0,0.1060372435,0.9575485221
2.300,0.0,0.1049874508,0.9579800031
2.310,0.0,0.1039479989,0.9584070110
2.320,0.0,0.1029187870,0.9588295937
2.330,0.0,0.1018997151,0.9592477990
2.340,0.0,0.1008906844,0.9596616736
2.350,0.0,0.0998915970,0.9600712642
2.360,0.0,0.0989023557,0.9604766165
2.370,0.0,0.0979228645,0.9608777760
2.380,0.0,0.0969530283,0.9612747876
2.390,0.0,0.0959927528,0.9616676956
2.400,0.0,0.0950419446,0.9620565439
2.410,0.0,0.0941005112,0.9624413758
2.420,0.0,0.0931683611,0.9628222343
2.430,0.0,0.0922454036,0.9631991618
2.440,0.0,0.0913315488,0.9635722000
2.450,0.0,0.0904267077,0.9639413906
2.460,0.0,0.0895307923,0.9643067745
2.470,0.0,0.0886437153,0.9646683921
2.480,0.0,0.0877653902,0.9650262836
2.490,0.0,0.0868957314,0.9653804885
2.500,0.0,0.0860346541,0.9657310461
2.510,0.0,0.0851820744,0.9660779950
2.520,0.0,0.0843379092,0.9664213735
2.530,0.0,0.0835020759,0.9667612196
2.540,0.0,0.0826744932,0.9670975706
2.550,0.0,0.0818550802,0.9674304636
2.560,0.0,0.0810437568,0.9677599352
2.570,0.0,0.0802404440,0.9680860215
2.580,0.0,0.0794450631,0.9684087585
2.590,0.0,0.0786575365,0.9687281814
2.600,0.0,0.0778777871,0.9690443254
2.610,0.0,0.0771057389,0.9693572250
2.620,0.0,0.0763413163,0.9696669144
2.630,0.0,0.0755844445,0.9699734275
2.640,0.0,0.0748350496,0.9702767979
2.650,0.0,0.0740930581,0.9705770585
2.660,0.0,0.0733583975,0.9708742422
2.670,0.0,0.0726309958,0.9711683814
2.680,0.0,0.0719107819,0.9714595080
2.690,0.0,0.0711976852,0.9717476538
2.700,0.0,0.0704916358,0.9720328500
2.710,0.0,0.0697925646,0.9723151277
2.720,0.0,0.0691004032,0.9725945174
2.730,0.0,0.0684150835,0.9728710496
2.740,0.0,0.0677365386,0.9731447541
2.750,0.0,0.0670647018,0.9734156606
2.760,0.0,0.0663995072,0.9736837984
2.770,0.0,0.0657408897,0.9739491966
2.780,0.0,0.0650887845,0.9742118838
2.790,0.0,0.0644431278,0.9744718883
2.800,0.0,0.0638038561,0.9747292382
2.810,0.0,0.0631709067,0.9749839613
2.820,0.0,0.0625442174,0.9752360850
2.830,0.0,0.0619237267,0.9754856365
2.840,0.0,0.0613093737,0.9757326426
2.850,0.0,0.0607010979,0.9759771299
2.860,0.0,0.0600988397,0.9762191246
2.870,0.0,0.0595025399,0.9764586528
2.880,0.0,0.0589121398,0.9766957401
2.890,0.0,0.0583275815,0.9769304120
2.900,0.0,0.0577488073,0.9771626936
2.910,0.0,0.0571757605,0.9773926098
2.920,0.0,0.0566083846,0.9776201852
2.930,0.0,0.0560466239,0.9778454442
2.940,0.0,0.0554904230,0.9780684107
2.950,0.0,0.0549397273,0.9782891087
2.960,0.0,0.0543944825,0.9785075618
2.970,0.0,0.0538546350,0.9787237931
2.980,0.0,0.0533201316,0.9789378258
2.990,0.0,0.0527909197,0.9791496827
3.000,0.0,0.0522669471,0.9793593864
3.010,0.0,0.0517481623,0.9795669591
3.020,0.0,0.0512345141,0.9797724230
3.030,0.0,0.0507259520,0.9799757998
3.040,0.0,0.0502224258,0.9801771113
3.050,0.0,0.0497238860,0.9803763787
3.060,0.0,0.0492302832,0.9805736233
3.070,0.0,0.0487415690,0.9807688660
3.080,0.0,0.0482576951,0.9809621273
3.090,0.0,0.0477786137,0.9811534279
3.100,0.0,0.0473042777,0.9813427880
3.110,0.0,0.0468346403,0.9815302277
3.120,0.0,0.0463696551,0.9817157666
3.130,0.0,0.0459092762,0.9818994246
3.140,0.0,0.0454534582,0.9820812209
3.150,0.0,0.0450021561,0.9822611748
3.160,0.0,0.0445553255,0.9824393053
3.170,0.0,0.0441129220,0.9826156312
3.180,0.0,0.0436749022,0.9827901710
3.190,0.0,0.0432412227,0.9829629432
3.200,0.0,0.0428118407,0.9831339659
3.210,0.0,0.0423867138,0.9833032573
3.220,0.0,0.0419658000,0.9834708350
3.230,0.0,0.0415490576,0.9836367167
3.240,0.0,0.0411364457,0.9838009198
3.250,0.0,0.0407279232,0.9839634617
3.260,0.0,0.0403234500,0.9841243594
3.270,0.0,0.0399229860,0.9842836297
3.280,0.0,0.0395264915,0.9844412895
3.290,0.0,0.0391339275,0.9845973551
3.300,0.0,0.0387452551,0.9847518431
3.310,0.0,0.0383604359,0.9849047695
3.320,0.0,0.0379794317,0.9850561505
3.330,0.0,0.0376022050,0.9852060018
3.340,0.0,0.0372287184,0.9853543391
3.350,0.0,0.0368589349,0.9855011780
3.360,0.0,0.0364928180,0.9856465337
3.370,0.0,0.0361303315,0.9857904216
3.380,0.0,0.0357714394,0.9859328566
3.390,0.0,0.0354161062,0.9860738537
3.400,0.0,0.0350642969,0.9862134274
3.410,0.0,0.0347159764,0.9863515925
3.420,0.0,0.0343711104,0.9864883632
3.430,0.0,0.0340296648,0.9866237539
3.440,0.0,0.0336916056,0.9867577787
3.450,0.0,0.0333568994,0.9868904516
3.460,0.0,0.0330255132,0.9870217862
3.470,0.0,0.0326974139,0.9871517964
3.480,0.0,0.0323725692,0.9872804957
3.490,0.0,0.0320509469,0.9874078974
3.500,0.0,0.0317325150,0.9875340148
3.510,0.0,0.0314172421,0.9876588610
3.520,0.0,0.0311050969,0.9877824489
3.530,0.0,0.0307960485,0.9879047915
3.540,0.0,0.0304900661,0.9880259014
3.550,0.0,0.0301871196,0.9881457911
3.560,0.0,0.0298871788,0.9882644732
3.570,0.0,0.0295902140,0.9883819599
3.580,0.0,0.0292961959,0.9884982633
3.590,0.0,0.0290050951,0.9886133957
3.600,0.0,0.0287168829,0.9887273688
3.610,0.0,0.0284315307,0.9888401946
3.620,0.0,0.0281490101,0.9889518846
3.630,0.0,0.0278692932,0.9890624504
3.640,0.0,0.0275923522,0.9891719035
3.650,0.0,0.0273181596,0.9892802552
3.660,0.0,0.0270466882,0.9893875167
3.670,0.0,0.0267779111,0.9894936991
3.680,0.0,0.0265118016,0.9895988133
3.690,0.0,0.0262483333,0.9897028703
3.700,0.0,0.0259874800,0.9898058807
3.710,0.0,0.0257292159,0.9899078552
3.720,0.0,0.0254735154,0.9900088043
3.730,0.0,0.0252203529,0.9901087385
3.740,0.0,0.0249697035,0.9902076680
3.750,0.0,0.0247215421,0.9903056030
3.760,0.0,0.0244758443,0.9904025537
3.770,0.0,0.0242325855,0.9904985300
3.780,0.0,0.0239917417,0.9905935418
3.790,0.0,0.0237532888,0.9906875989
3.800,0.0,0.0235172033,0.9907807110
3.810,0.0,0.0232834617,0.9908728877
3.820,0.0,0.0230520407,0.9909641384
3.830,0.0,0.0228229173,0.9910544725
3.840,0.0,0.0225960689,0.9911438994
3.850,0.0,0.0223714728,0.9912324282
3.860,0.0,0.0221491068,0.9913200680
3.870,0.0,0.0219289487,0.9914068279
3.880,0.0,0.0217109767,0.9914927167
3.890,0.0,0.0214951691,0.9915777432
3.900,0.0,0.0212815044,0.9916619163
3.910,0.0,0.0210699615,0.9917452444
3.920,0.0,0.0208605193,0.9918277363
3.930,0.0,0.0206531569,0.9919094003
3.940,0.0,0.0204478538,0.9919902449
3.950,0.0,0.0202445896,0.9920702782
3.960,0.0,0.0200433440,0.9921495086
3.970,0.0,0.0198440971,0.9922279441
3.980,0.0,0.0196468290,0.9923055928
3.990,0.0,0.0194515200,0.9923824627
4.000,0.0,0.0192581509,0.9924585615
4.010,0.0,0.0190667023,0.9925338972
4.020,0.0,0.0188771553,0.9926084773
4.030,0.0,0.0186894909,0.9926823097
4.040,0.0,0.0185036905,0.9927554017
4.050,0.0,0.0183197356,0.9928277609
4.060,0.0,0.0181376079,0.9928993947
4.070,0.0,0.0179572894,0.9929703104
4.080,0.0,0.0177787619,0.9930405152
4.090,0.0,0.0176020079,0.9931100164
4.100,0.0,0.0174270097,0.9931788210
4.110,0.0,0.0172537499,0.9932469361
4.120,0.0,0.0170822112,0.9933143686
4.130,0.0,0.0169123767,0.9933811255
4.140,0.0,0.0167442293,0.9934472135
4.150,0.0,0.0165777523,0.9935126393
4.160,0.0,0.0164129293,0.9935774097
4.170,0.0,0.0162497437,0.9936415313
4.180,0.0,0.0160881793,0.9937050106
4.190,0.0,0.0159282201,0.9937678540
4.200,0.0,0.0157698502,0.9938300681
4.210,0.0,0.0156130537,0.9938916591
4.220,0.0,0.0154578150,0.9939526333
4.230,0.0,0.0153041187,0.9940129969
4.240,0.0,0.0151519496,0.9940727561
4.250,0.0,0.0150012923,0.9941319170
4.260,0.0,0.0148521321,0.9941904856
4.270,0.0,0.0147044539,0.9942484679
4.280,0.0,0.0145582431,0.9943058697
4.290,0.0,0.0144134851,0.9943626969
4.300,0.0,0.0142701655,0.9944189554
4.310,0.0,0.0141282700,0.9944746507
4.320,0.0,0.0139877846,0.9945297887
4.330,0.0,0.0138486952,0.9945843749
4.340,0.0,0.0137109879,0.9946384148
4.350,0.0,0.0135746490,0.9946919140
4.360,0.0,0.0134396650,0.9947448778
4.370,0.0,0.0133060224,0.9947973118
4.380,0.0,0.0131737080,0.9948492211
4.390,0.0,0.0130427084,0.9949006112
4.400,0.0,0.0129130107,0.9949514871
4.410,0.0,0.0127846019,0.9950018542
4.420,0.0,0.0126574693,0.9950517174
4.430,0.0,0.0125316002,0.9951010819
4.440,0.0,0.0124069820,0.9951499526
4.450,0.0,0.0122836023,0.9951983346
4.460,0.0,0.0121614488,0.9952462328
4.470,0.0,0.0120405094,0.9952936520
4.480,0.0,0.0119207720,0.9953405970
4.490,0.0,0.0118022247,0.9953870725
4.500,0.0,0.0116848556,0.9954330834
4.510,0.0,0.0115686531,0.9954786343
4.520,0.0,0.0114536055,0.9955237298
4.530,0.0,0.0113397015,0.9955683744
4.540,0.0,0.0112269296,0.9956125728
4.550,0.0,0.0111152786,0.9956563293
4.560,0.0,0.0110047374,0.9956996484
4.570,0.0,0.0108952949,0.9957425346
4.580,0.0,0.0107869403,0.9957849921
4.590,0.0,0.0106796628,0.9958270252
4.600,0.0,0.0105734516,0.9958686383
4.610,0.0,0.0104682962,0.9959098355
4.620,0.0,0.0103641860,0.9959506210
4.630,0.0,0.0102611108,0.9959909990
4.640,0.0,0.0101590602,0.9960309735
4.650,0.0,0.0100580240,0.9960705486
4.660,0.0,0.0099579922,0.9961097282
4.670,0.0,0.0098589548,0.9961485165
4.680,0.0,0.0097609019,0.9961869171
4.690,0.0,0.0096638238,0.9962249342
4.700,0.0,0.0095677107,0.9962625715
4.710,0.0,0.0094725531,0.9962998328
4.720,0.0,0.0093783415,0.9963367219
4.730,0.0,0.0092850665,0.9963732425
4.740,0.0,0.0091927188,0.9964093983
4.750,0.0,0.0091012891,0.9964451930
4.760,0.0,0.0090107684,0.9964806302
4.770,0.0,0.0089211477,0.9965157135
4.780,0.0,0.0088324179,0.9965504464
4.790,0.0,0.0087445703,0.9965848325
4.800,0.0,0.0086575960,0.9966188752
4.810,0.0,0.0085714865,0.9966525779
4.820,0.0,0.0084862331,0.9966859441
4.830,0.0,0.0084018272,0.9967189771
4.840,0.0,0.0083182606,0.9967516804
4.850,0.0,0.0082355248,0.9967840570
4.860,0.0,0.0081536116,0.9968161105
4.870,0.0,0.0080725128,0.9968478439
4.880,0.0,0.0079922204,0.9968792605
4.890,0.0,0.0079127263,0.9969103635
4.900,0.0,0.0078340226,0.9969411560
4.910,0.0,0.0077561014,0.9969716411
4.920,0.0,0.0076789549,0.9970018219
4.930,0.0,0.0076025756,0.9970317015
4.940,0.0,0.0075269556,0.9970612828
4.950,0.0,0.0074520876,0.9970905689
4.960,0.0,0.0073779640,0.9971195626
4.970,0.0,0.0073045774,0.9971482670
4.980,0.0,0.0072319206,0.9971766849
4.990,0.0,0.0071599862,0.9972048192
5.000,0.0,0.0070887670,0.9972326728
0.000,0.1,0.8899796402,0.5000000000
0.010,0.1,0.8816433244,0.5060056242
0.020,0.1,0.8733796768,0.5119282061
0.030,0.1,0.8651881780,0.5177690330
0.040,0.1,0.8570683095,0.5235293705
0.050,0.1,0.8490195543,0.5292104623
0.060,0.1,0.8410413964,0.5348135312
0.070,0.1,0.8331333212,0.5403397793
0.080,0.1,0.8252948157,0.5457903880
0.090,0.1,0.8175253680,0.5511665189
0.100,0.1,0.8098244681,0.5564693140
0.110,0.1,0.8021916073,0.5616998958
0.120,0.1,0.7946262787,0.5668593681
0.130,0.1,0.7871279768,0.5719488158
0.140,0.1,0.7796961982,0.5769693058
0.150,0.1,0.7723304411,0.5819218869
0.160,0.1,0.7650302054,0.5868075903
0.170,0.1,0.7577949931,0.5916274299
0.180,0.1,0.7506243079,0.5963824027
0.190,0.1,0.7435176556,0.6010734889
0.200,0.1,0.7364745439,0.6057016524
0.210,0.1,0.7294944827,0.6102678410
0.220,0.1,0.7225769837,0.6147729866
0.230,0.1,0.7157215609,0.6192180057
0.240,0.1,0.7089277304,0.6236037995
0.250,0.1,0.7021950103,0.6279312543
0.260,0.1,0.6955229212,0.6322012416
0.270,0.1,0.6889109857,0.6364146185
0.280,0.1,0.6823587286,0.6405722280
0.290,0.1,0.6758656773,0.6446748992
0.300,0.1,0.6694313612,0.6487234473
0.310,0.1,0.6630553122,0.6527186742
0.320,0.1,0.6567370645,0.6566613687
0.330,0.1,0.6504761545,0.6605523065
0.340,0.1,0.6442721214,0.6643922507
0.350,0.1,0.6381245065,0.6681819517
0.360,0.1,0.6320328537,0.6719221478
0.370,0.1,0.6259967092,0.6756135652
0.380,0.1,0.6200156218,0.6792569182
0.390,0.1,0.6140891427,0.6828529094
0.400,0.1,0.6082168257,0.6864022302
0.410,0.1,0.6023982271,0.6899055605
0.420,0.1,0.5966329057,0.6933635693
0.430,0.1,0.5909204228,0.6967769147
0.440,0.1,0.5852603422,0.7001462443
0.450,0.1,0.5796522306,0.7034721949
0.460,0.1,0.5740956568,0.7067553935
0.470,0.1,0.5685901926,0.7099964566
0.480,0.1,0.5631354121,0.7131959909
0.490,0.1,0.5577308921,0.7163545935
0.500,0.1,0.5523762121,0.7194728516
0.510,0.1,0.5470709540,0.7225513432
0.520,0.1,0.5418147025,0.7255906372
0.530,0.1,0.5366070449,0.7285912932
0.540,0.1,0.5314475711,0.7315538617
0.550,0.1,0.5263358734,0.7344788849
0.560,0.1,0.5212715472,0.7373668961
0.570,0.1,0.5162541901,0.7402184200
0.580,0.1,0.5112834026,0.7430339733
0.590,0.1,0.5063587877,0.7458140642
0.600,0.1,0.5014799510,0.7485591931
0.610,0.1,0.4966465009,0.7512698525
0.620,0.1,0.4918580484,0.7539465269
0.630,0.1,0.4871142069,0.7565896935
0.640,0.1,0.4824145927,0.7591998217
0.650,0.1,0.4777588247,0.7617773737
0.660,0.1,0.4731465243,0.7643228044
0.670,0.1,0.4685773155,0.7668365617
0.680,0.1,0.4640508251,0.7693190864
0.690,0.1,0.4595666824,0.7717708123
0.700,0.1,0.4551245194,0.7741921667
0.710,0.1,0.4507239705,0.7765835702
0.720,0.1,0.4463646730,0.7789454367
0.730,0.1,0.4420462665,0.7812781739
0.740,0.1,0.4377683933,0.7835821830
0.750,0.1,0.4335306985,0.7858578591
0.760,0.1,0.4293328294,0.7881055912
0.770,0.1,0.4251744362,0.7903257624
0.780,0.1,0.4210551714,0.7925187497
0.790,0.1,0.4169746903,0.7946849245
0.800,0.1,0.4129326505,0.7968246524
0.810,0.1,0.4089287125,0.7989382935
0.820,0.1,0.4049625388,0.8010262022
0.830,0.1,0.4010337950,0.8030887278
0.840,0.1,0.3971421488,0.8051262140
0.850,0.1,0.3932872707,0.8071389994
0.860,0.1,0.3894688333,0.8091274175
0.870,0.1,0.3856865122,0.8110917967
0.880,0.1,0.3819399851,0.8130324603
0.890,0.1,0.3782289323,0.8149497270
0.900,0.1,0.3745530366,0.8168439104
0.910,0.1,0.3709119832,0.8187153196
0.920,0.1,0.3673054596,0.8205642589
0.930,0.1,0.3637331560,0.8223910281
0.940,0.1,0.3601947649,0.8241959226
0.950,0.1,0.3566899812,0.8259792332
0.960,0.1,0.3532185020,0.8277412464
0.970,0.1,0.3497800272,0.8294822445
0.980,0.1,0.3463742588,0.8312025057
0.990,0.1,0.3430009011,0.8329023037
1.000,0.1,0.3396596609,0.8345819086
1.010,0.1,0.3363502473,0.8362415861
1.020,0.1,0.3330723718,0.8378815982
1.030,0.1,0.3298257481,0.8395022030
1.040,0.1,0.3266100922,0.8411036547
1.050,0.1,0.3234251224,0.8426862039
1.060,0.1,0.3202705594,0.8442500975
1.070,0.1,0.3171461261,0.8457955786
1.080,0.1,0.3140515475,0.8473228869
1.090,0.1,0.3109865511,0.8488322586
1.100,0.1,0.3079508664,0.8503239265
1.110,0.1,0.3049442252,0.8517981198
1.120,0.1,0.3019663617,0.8532550645
1.130,0.1,0.2990170119,0.8546949834
1.140,0.1,0.2960959144,0.8561180960
1.150,0.1,0.2932028096,0.8575246185
1.160,0.1,0.2903374402,0.8589147641
1.170,0.1,0.2874995511,0.8602887430
1.180,0.1,0.2846888893,0.8616467623
1.190,0.1,0.2819052038,0.8629890260
1.200,0.1,0.2791482459,0.8643157353
1.210,0.1,0.2764177688,0.8656270886
1.220,0.1,0.2737135279,0.8669232814
1.230,0.1,0.2710352806,0.8682045062
1.240,0.1,0.2683827863,0.8694709530
1.250,0.1,0.2657558065,0.8707228092
1.260,0.1,0.2631541048,0.8719602591
1.270,0.1,0.2605774467,0.8731834849
1.280,0.1,0.2580255996,0.8743926658
1.290,0.1,0.2554983332,0.8755879787
1.300,0.1,0.2529954188,0.8767695980
1.310,0.1,0.2505166300,0.8779376956
1.320,0.1,0.2480617420,0.8790924409
1.330,0.1,0.2456305321,0.8802340010
1.340,0.1,0.2432227797,0.8813625408
1.350,0.1,0.2408382657,0.8824782227
1.360,0.1,0.2384767733,0.8835812068
1.370,0.1,0.2361380873,0.8846716512
1.380,0.1,0.2338219945,0.8857497115
1.390,0.1,0.2315282834,0.8868155414
1.400,0.1,0.2292567445,0.8878692923
1.410,0.1,0.2270071700,0.8889111137
1.420,0.1,0.2247793542,0.8899411528
1.430,0.1,0.2225730927,0.8909595549
1.440,0.1,0.2203881833,0.8919664632
1.450,0.1,0.2182244255,0.8929620191
1.460,0.1,0.2160816204,0.8939463620
1.470,0.1,0.2139595709,0.8949196293
1.480,0.1,0.2118580817,0.8958819565
1.490,0.1,0.2097769593,0.8968334774
1.500,0.1,0.2077160118,0.8977743239
1.510,0.1,0.2056750489,0.8987046260
1.520,0.1,0.2036538821,0.8996245123
1.530,0.1,0.2016523246,0.9005341091
1.540,0.1,0.1996701912,0.9014335414
1.550,0.1,0.1977072984,0.9023229325
1.560,0.1,0.1957634643,0.9032024038
1.570,0.1,0.1938385086,0.9040720752
1.580,0.1,0.1919322526,0.9049320650
1.590,0.1,0.1900445192,0.9057824899
1.600,0.1,0.1881751330,0.9066234651
1.610,0.1,0.1863239200,0.9074551041
1.620,0.1,0.1844907079,0.9082775190
1.630,0.1,0.1826753258,0.9090908203
1.640,0.1,0.1808776045,0.9098951172
1.650,0.1,0.1790973762,0.9106905173
1.660,0.1,0.1773344746,0.9114771269
1.670,0.1,0.1755887351,0.9122550508
1.680,0.1,0.1738599944,0.9130243923
1.690,0.1,0.1721480907,0.9137852537
1.700,0.1,0.1704528636,0.9145377355
1.710,0.1,0.1687741543,0.9152819371
1.720,0.1,0.1671118054,0.9160179568
1.730,0.1,0.1654656609,0.9167458912
1.740,0.1,0.1638355662,0.9174658358
1.750,0.1,0.1622213681,0.9181778851
1.760,0.1,0.1606229148,0.9188821320
1.770,0.1,0.1590400561,0.9195786684
1.780,0.1,0.1574726427,0.9202675849
1.790,0.1,0.1559205272,0.9209489709
1.800,0.1,0.1543835631,0.9216229149
1.810,0.1,0.1528616056,0.9222895039
1.820,0.1,0.1513545109,0.9229488240
1.830,0.1,0.1498621367,0.9236009601
1.840,0.1,0.1483843420,0.9242459960
1.850,0.1,0.1469209871,0.9248840145
1.860,0.1,0.1454719336,0.9255150974
1.870,0.1,0.1440370442,0.9261393251
1.880,0.1,0.1426161832,0.9267567774
1.890,0.1,0.1412092157,0.9273675328
1.900,0.1,0.1398160085,0.9279716689
1.910,0.1,0.1384364293,0.9285692624
1.920,0.1,0.1370703471,0.9291603887
1.930,0.1,0.1357176324,0.9297451227
1.940,0.1,0.1343781564,0.9303235380
1.950,0.1,0.1330517918,0.9308957073
1.960,0.1,0.1317384126,0.9314617027
1.970,0.1,0.1304378936,0.9320215949
1.980,0.1,0.1291501110,0.9325754541
1.990,0.1,0.1278749421,0.9331233495
2.000,0.1,0.1266122654,0.9336653493
2.010,0.1,0.1253619605,0.9342015211
2.020,0.1,0.1241239081,0.9347319313
2.030,0.1,0.1228979900,0.9352566458
2.040,0.1,0.1216840890,0.9357757296
2.050,0.1,0.1204820892,0.9362892468
2.060,0.1,0.1192918758,0.9367972607
2.070,0.1,0.1181133348,0.9372998338
2.080,0.1,0.1169463535,0.9377970281
2.090,0.1,0.1157908202,0.9382889043
2.100,0.1,0.1146466242,0.9387755229
2.110,0.1,0.1135136559,0.9392569434
2.120,0.1,0.1123918066,0.9397332244
2.130,0.1,0.1112809689,0.9402044241
2.140,0.1,0.1101810360,0.9406705998
2.150,0.1,0.1090919025,0.9411318082
2.160,0.1,0.1080134638,0.9415881051
2.170,0.1,0.1069456162,0.9420395458
2.180,0.1,0.1058882572,0.9424861849
2.190,0.1,0.1048412851,0.9429280764
2.200,0.1,0.1038045992,0.9433652734
2.210,0.1,0.1027780997,0.9437978285
2.220,0.1,0.1017616878,0.9442257938
2.230,0.1,0.1007552657,0.9446492205
2.240,0.1,0.0997587365,0.9450681594
2.250,0.1,0.0987720040,0.9454826606
2.260,0.1,0.0977949731,0.9458927734
2.270,0.1,0.0968275497,0.9462985470
2.280,0.1,0.0958696403,0.9467000294
2.290,0.1,0.0949211526,0.9470972685
2.300,0.1,0.0939819950,0.9474903114
2.310,0.1,0.0930520767,0.9478792047
2.320,0.1,0.0921313080,0.9482639943
2.330,0.1,0.0912195997,0.9486447258
2.340,0.1,0.0903168639,0.9490214441
2.350,0.1,0.0894230131,0.9493941935
2.360,0.1,0.0885379609,0.9497630180
2.370,0.1,0.0876616216,0.9501279608
2.380,0.1,0.0867939103,0.9504890647
2.390,0.1,0.0859347432,0.9508463722
2.400,0.1,0.0850840368,0.9511999249
2.410,0.1,0.0842417088,0.9515497642
2.420,0.1,0.0834076775,0.9518959309
2.430,0.1,0.0825818620,0.9522384654
2.440,0.1,0.0817641823,0.9525774074
2.450,0.1,0.0809545589,0.9529127965
2.460,0.1,0.0801529133,0.9532446715
2.470,0.1,0.0793591677,0.9535730709
2.480,0.1,0.0785732450,0.9538980327
2.490,0.1,0.0777950687,0.9542195944
2.500,0.1,0.0770245634,0.9545377933
2.510,0.1,0.0762616540,0.9548526660
2.520,0.1,0.0755062665,0.9551642487
2.530,0.1,0.0747583273,0.9554725774
2.540,0.1,0.0740177637,0.9557776874
2.550,0.1,0.0732845036,0.9560796137
2.560,0.1,0.0725584756,0.9563783910
2.570,0.1,0.0718396090,0.9566740535
2.580,0.1,0.0711278339,0.9569666349
2.590,0.1,0.0704230808,0.9572561686
2.600,0.1,0.0697252811,0.9575426878
2.610,0.1,0.0690343668,0.9578262250
2.620,0.1,0.0683502704,0.9581068125
2.630,0.1,0.0676729254,0.9583844822
2.640,0.1,0.0670022656,0.9586592656
2.650,0.1,0.0663382255,0.9589311939
2.660,0.1,0.0656807404,0.9592002979
2.670,0.1,0.0650297461,0.9594666080
2.680,0.1,0.0643851790,0.9597301544
2.690,0.1,0.0637469762,0.9599909668
2.700,0.1,0.0631150752,0.9602490746
2.710,0.1,0.0624894144,0.9605045068
2.720,0.1,0.0618699326,0.9607572923
2.730,0.1,0.0612565692,0.9610074595
2.740,0.1,0.0606492643,0.9612550364
2.750,0.1,0.0600479585,0.9615000509
2.760,0.1,0.0594525929,0.9617425303
2.770,0.1,0.0588631093,0.9619825018
2.780,0.1,0.0582794499,0.9622199923
2.790,0.1,0.0577015577,0.9624550283
2.800,0.1,0.0571293761,0.9626876361
2.810,0.1,0.0565628490,0.9629178415
2.820,0.1,0.0560019209,0.9631456702
2.830,0.1,0.0554465368,0.9633711476
2.840,0.1,0.0548966425,0.9635942987
2.850,0.1,0.0543521838,0.9638151483
2.860,0.1,0.0538131075,0.9640337210
2.870,0.1,0.0532793608,0.9642500409
2.880,0.1,0.0527508912,0.9644641320
2.890,0.1,0.0522276468,0.9646760181
2.900,0.1,0.0517095765,0.9648857224
2.910,0.1,0.0511966293,0.9650932683
2.920,0.1,0.0506887549,0.9652986785
2.930,0.1,0.0501859035,0.9655019757
2.940,0.1,0.0496880255,0.9657031824
2.950,0.1,0.0491950723,0.9659023207
2.960,0.1,0.0487069953,0.9660994124
2.970,0.1,0.0482237465,0.9662944792
2.980,0.1,0.0477452786,0.9664875426
2.990,0.1,0.0472715444,0.9666786236
3.000,0.1,0.0468024975,0.9668677433
3.010,0.1,0.0463380917,0.9670549223
3.020,0.1,0.0458782813,0.9672401812
3.030,0.1,0.0454230211,0.9674235401
3.040,0.1,0.0449722663,0.9676050191
3.050,0.1,0.0445259727,0.9677846380
3.060,0.1,0.0440840962,0.9679624164
3.070,0.1,0.0436465934,0.9681383737
3.080,0.1,0.0432134212,0.9683125289
3.090,0.1,0.0427845370,0.9684849011
3.100,0.1,0.0423598986,0.9686555090
3.110,0.1,0.0419394641,0.9688243711
3.120,0.1,0.0415231921,0.9689915057
3.130,0.1,0.0411110417,0.9691569310
3.140,0.1,0.0407029721,0.9693206649
3.150,0.1,0.0402989433,0.9694827251
3.160,0.1,0.0398989154,0.9696431291
3.170,0.1,0.0395028490,0.9698018944
3.180,0.1,0.0391107050,0.9699590379
3.190,0.1,0.0387224447,0.9701145768
3.200,0.1,0.0383380300,0.9702685278
3.210,0.1,0.0379574228,0.9704209075
3.220,0.1,0.0375805856,0.9705717323
3.230,0.1,0.0372074812,0.9707210185
3.240,0.1,0.0368380729,0.9708687820
3.250,0.1,0.0364723242,0.9710150388
3.260,0.1,0.0361101990,0.9711598047
3.270,0.1,0.0357516616,0.9713030950
3.280,0.1,0.0353966765,0.9714449254
3.290,0.1,0.0350452087,0.9715853108
3.300,0.1,0.0346972235,0.9717242664
3.310,0.1,0.0343526866,0.9718618071
3.320,0.1,0.0340115639,0.9719979475
3.330,0.1,0.0336738217,0.9721327023
3.340,0.1,0.0333394266,0.9722660858
3.350,0.1,0.0330083457,0.9723981122
3.360,0.1,0.0326805462,0.9725287958
3.370,0.1,0.0323559956,0.9726581503
3.380,0.1,0.0320346621,0.9727861897
3.390,0.1,0.0317165136,0.9729129275
3.400,0.1,0.0314015189,0.9730383773
3.410,0.1,0.0310896468,0.9731625524
3.420,0.1,0.0307808664,0.9732854659
3.430,0.1,0.0304751472,0.9734071310
3.440,0.1,0.0301724589,0.9735275607
3.450,0.1,0.0298727717,0.9736467676
3.460,0.1,0.0295760558,0.9737647644
3.470,0.1,0.0292822819,0.9738815637
3.480,0.1,0.0289914210,0.9739971778
3.490,0.1,0.0287034442,0.9741116190
3.500,0.1,0.0284183232,0.9742248993
3.510,0.1,0.0281360295,0.9743370309
3.520,0.1,0.0278565353,0.9744480255
3.530,0.1,0.0275798130,0.9745578948
3.540,0.1,0.0273058351,0.9746666506
3.550,0.1,0.0270345745,0.9747743042
3.560,0.1,0.0267660043,0.9748808670
3.570,0.1,0.0265000980,0.9749863503
3.580,0.1,0.0262368291,0.9750907652
3.590,0.1,0.0259761717,0.9751941227
3.600,0.1,0.0257180999,0.9752964337
3.610,0.1,0.0254625881,0.9753977089
3.620,0.1,0.0252096110,0.9754979591
3.630,0.1,0.0249591436,0.9755971947
3.640,0.1,0.0247111609,0.9756954261
3.650,0.1,0.0244656386,0.9757926638
3.660,0.1,0.0242225521,0.9758889179
3.670,0.1,0.0239818774,0.9759841986
3.680,0.1,0.0237435907,0.9760785157
3.690,0.1,0.0235076683,0.9761718793
3.700,0.1,0.0232740868,0.9762642991
3.710,0.1,0.0230428231,0.9763557847
3.720,0.1,0.0228138542,0.9764463458
3.730,0.1,0.0225871574,0.9765359919
3.740,0.1,0.0223627103,0.9766247323
3.750,0.1,0.0221404905,0.9767125764
3.760,0.1,0.0219204761,0.9767995332
3.770,0.1,0.0217026452,0.9768856119
3.780,0.1,0.0214869761,0.9769708215
3.790,0.1,0.0212734475,0.9770551708
3.800,0.1,0.0210620382,0.9771386688
3.810,0.1,0.0208527272,0.9772213240
3.820,0.1,0.0206454938,0.9773031452
3.830,0.1,0.0204403173,0.9773841408
3.840,0.1,0.0202371774,0.9774643193
3.850,0.1,0.0200360540,0.9775436890
3.860,0.1,0.0198369270,0.9776222582
3.870,0.1,0.0196397767,0.9777000351
3.880,0.1,0.0194445835,0.9777770278
3.890,0.1,0.0192513280,0.9778532442
3.900,0.1,0.0190599911,0.9779286924
3.910,0.1,0.0188705538,0.9780033801
3.920,0.1,0.0186829971,0.9780773151
3.930,0.1,0.0184973025,0.9781505050
3.940,0.1,0.0183134516,0.9782229576
3.950,0.1,0.0181314261,0.9782946803
3.960,0.1,0.0179512078,0.9783656805
3.970,0.1,0.0177727790,0.9784359656
3.980,0.1,0.0175961218,0.9785055429
3.990,0.1,0.0174212187,0.9785744196
4.000,0.1,0.0172480524,0.9786426028
4.010,0.1,0.0170766055,0.9787100996
4.020,0.1,0.0169068612,0.9787769170
4.030,0.1,0.0167388024,0.9788430619
4.040,0.1,0.0165724125,0.9789085412
4.050,0.1,0.0164076750,0.9789733616
4.060,0.1,0.0162445735,0.9790375297
4.070,0.1,0.0160830918,0.9791010524
4.080,0.1,0.0159232137,0.9791639360
4.090,0.1,0.0157649235,0.9792261872
4.100,0.1,0.0156082054,0.9792878123
4.110,0.1,0.0154530437,0.9793488176
4.120,0.1,0.0152994231,0.9794092096
4.130,0.1,0.0151473283,0.9794689944
4.140,0.1,0.0149967441,0.9795281782
4.150,0.1,0.0148476557,0.9795867670
4.160,0.1,0.0147000480,0.9796447670
4.170,0.1,0.0145539066,0.9797021841
4.180,0.1,0.0144092167,0.9797590242
4.190,0.1,0.0142659641,0.9798152932
4.200,0.1,0.0141241345,0.9798709969
4.210,0.1,0.0139837138,0.9799261409
4.220,0.1,0.0138446879,0.9799807310
4.230,0.1,0.0137070431,0.9800347728
4.240,0.1,0.0135707657,0.9800882719
4.250,0.1,0.0134358421,0.9801412337
4.260,0.1,0.0133022588,0.9801936637
4.270,0.1,0.0131700027,0.9802455672
4.280,0.1,0.0130390605,0.9802969497
4.290,0.1,0.0129094191,0.9803478163
4.300,0.1,0.0127810658,0.9803981724
4.310,0.1,0.0126539876,0.9804480230
4.320,0.1,0.0125281720,0.9804973734
4.330,0.1,0.0124036064,0.9805462284
4.340,0.1,0.0122802785,0.9805945933
4.350,0.1,0.0121581759,0.9806424728
4.360,0.1,0.0120372865,0.9806898720
4.370,0.1,0.0119175983,0.9807367957
4.380,0.1,0.0117990993,0.9807832487
4.390,0.1,0.0116817777,0.9808292358
4.400,0.1,0.0115656219,0.9808747616
4.410,0.1,0.0114506203,0.9809198308
4.420,0.1,0.0113367614,0.9809644481
4.430,0.1,0.0112240340,0.9810086180
4.440,0.1,0.0111124267,0.9810523450
4.450,0.1,0.0110019284,0.9810956337
4.460,0.1,0.0108925282,0.9811384883
4.470,0.1,0.0107842151,0.9811809134
4.480,0.1,0.0106769784,0.9812229132
4.490,0.1,0.0105708074,0.9812644921
4.500,0.1,0.0104656915,0.9813056543
4.510,0.1,0.0103616201,0.9813464039
4.520,0.1,0.0102585831,0.9813867452
4.530,0.1,0.0101565700,0.9814266823
4.540,0.1,0.0100555708,0.9814662193
4.550,0.1,0.0099555754,0.9815053601
4.560,0.1,0.0098565737,0.9815441089
4.570,0.1,0.0097585560,0.9815824695
4.580,0.1,0.0096615124,0.9816204458
4.590,0.1,0.0095654334,0.9816580418
4.600,0.1,0.0094703092,0.9816952612
4.610,0.1,0.0093761305,0.9817321079
4.620,0.1,0.0092828879,0.9817685856
4.630,0.1,0.0091905720,0.9818046981
4.640,0.1,0.0090991737,0.9818404490
4.650,0.1,0.0090086838,0.9818758419
4.660,0.1,0.0089190934,0.9819108805
4.670,0.1,0.0088303934,0.9819455683
4.680,0.1,0.0087425751,0.9819799089
4.690,0.1,0.0086556298,0.9820139057
4.700,0.1,0.0085695486,0.9820475623
4.710,0.1,0.0084843231,0.9820808820
4.720,0.1,0.0083999448,0.9821138682
4.730,0.1,0.0083164052,0.9821465244
4.740,0.1,0.0082336960,0.9821788537
4.750,0.1,0.0081518090,0.9822108596
4.760,0.1,0.0080707360,0.9822425452
4.770,0.1,0.0079904690,0.9822739138
4.780,0.1,0.0079109998,0.9823049685
4.790,0.1,0.0078323206,0.9823357126
4.800,0.1,0.0077544236,0.9823661492
4.810,0.1,0.0076773010,0.9823962812
4.820,0.1,0.0076009450,0.9824261119
4.830,0.1,0.0075253481,0.9824556442
4.840,0.1,0.0074505028,0.9824848812
4.850,0.1,0.0073764015,0.9825138258
4.860,0.1,0.0073030369,0.9825424808
4.870,0.1,0.0072304016,0.9825708494
4.880,0.1,0.0071584885,0.9825989343
4.890,0.1,0.0070872903,0.9826267383
4.900,0.1,0.0070168000,0.9826542644
4.910,0.1,0.0069470104,0.9826815152
4.920,0.1,0.0068779147,0.9827084936
4.930,0.1,0.0068095060,0.9827352023
4.940,0.1,0.0067417774,0.9827616440
4.950,0.1,0.0066747222,0.9827878214
4.960,0.1,0.0066083336,0.9828137372
4.970,0.1,0.0065426051,0.9828393939
4.980,0.1,0.0064775301,0.9828647941
4.990,0.1,0.0064131022,0.9828899405
5.000,0.1,0.0063493148,0.9829148356
0.000,0.2,0.8245629393,0.5000000000
0.010,0.2,0.8169847351,0.5061366710
0.020,0.2,0.8094695331,0.5121841001
0.030,0.2,0.8020169519,0.5181437333
0.040,0.2,0.7946266092,0.5240169910
0.050,0.2,0.7872981216,0.5298052689
0.060,0.2,0.7800311050,0.5355099381
0.070,0.2,0.7728251744,0.5411323457
0.080,0.2,0.7656799441,0.5466738150
0.090,0.2,0.7585950282,0.5521356463
0.100,0.2,0.7515700398,0.5575191172
0.110,0.2,0.7446045920,0.5628254829
0.120,0.2,0.7376982974,0.5680559766
0.130,0.2,0.7308507686,0.5732118103
0.140,0.2,0.7240616179,0.5782941746
0.150,0.2,0.7173304576,0.5833042394
0.160,0.2,0.7106569000,0.5882431545
0.170,0.2,0.7040405576,0.5931120495
0.180,0.2,0.6974810431,0.5979120346
0.190,0.2,0.6909779693,0.6026442005
0.200,0.2,0.6845309494,0.6073096194
0.210,0.2,0.6781395970,0.6119093447
0.220,0.2,0.6718035261,0.6164444116
0.230,0.2,0.6655223513,0.6209158376
0.240,0.2,0.6592956878,0.6253246225
0.250,0.2,0.6531231513,0.6296717490
0.260,0.2,0.6470043582,0.6339581830
0.270,0.2,0.6409389258,0.6381848735
0.280,0.2,0.6349264720,0.6423527536
0.290,0.2,0.6289666158,0.6464627401
0.300,0.2,0.6230589769,0.6505157342
0.310,0.2,0.6172031760,0.6545126219
0.320,0.2,0.6113988347,0.6584542738
0.330,0.2,0.6056455759,0.6623415458
0.340,0.2,0.5999430234,0.6661752791
0.350,0.2,0.5942908021,0.6699563007
0.360,0.2,0.5886885382,0.6736854235
0.370,0.2,0.5831358589,0.6773634467
0.380,0.2,0.5776323929,0.6809911557
0.390,0.2,0.5721777700,0.6845693228
0.400,0.2,0.5667716214,0.6880987072
0.410,0.2,0.5614135796,0.6915800553
0.420,0.2,0.5561032785,0.6950141009
0.430,0.2,0.5508403535,0.6984015653
0.440,0.2,0.5456244413,0.7017431578
0.450,0.2,0.5404551801,0.7050395758
0.460,0.2,0.5353322097,0.7082915048
0.470,0.2,0.5302551713,0.7114996191
0.480,0.2,0.5252237077,0.7146645814
0.490,0.2,0.5202374634,0.7177870434
0.500,0.2,0.5152960843,0.7208676462
0.510,0.2,0.5103992180,0.7239070198
0.520,0.2,0.5055465139,0.7269057838
0.530,0.2,0.5007376228,0.7298645478
0.540,0.2,0.4959721973,0.7327839108
0.550,0.2,0.4912498917,0.7356644621
0.560,0.2,0.4865703622,0.7385067814
0.570,0.2,0.4819332663,0.7413114384
0.580,0.2,0.4773382638,0.7440789938
0.590,0.2,0.4727850158,0.7468099986
0.600,0.2,0.4682731855,0.7495049952
0.610,0.2,0.4638024377,0.7521645166
0.620,0.2,0.4593724390,0.7547890874
0.630,0.2,0.4549828581,0.7573792234
0.640,0.2,0.4506333652,0.7599354319
0.650,0.2,0.4463236326,0.7624582121
0.660,0.2,0.4420533342,0.7649480548
0.670,0.2,0.4378221460,0.7674054429
0.680,0.2,0.4336297457,0.7698308515
0.690,0.2,0.4294758131,0.7722247477
0.700,0.2,0.4253600296,0.7745875913
0.710,0.2,0.4212820787,0.7769198345
0.720,0.2,0.4172416457,0.7792219221
0.730,0.2,0.4132384179,0.7814942918
0.740,0.2,0.4092720845,0.7837373742
0.750,0.2,0.4053423364,0.7859515929
0.760,0.2,0.4014488668,0.7881373646
0.770,0.2,0.3975913706,0.7902950995
0.780,0.2,0.3937695446,0.7924252011
0.790,0.2,0.3899830875,0.7945280663
0.800,0.2,0.3862317002,0.7966040858
0.810,0.2,0.3825150853,0.7986536440
0.820,0.2,0.3788329473,0.8006771191
0.830,0.2,0.3751849928,0.8026748832
0.840,0.2,0.3715709303,0.8046473027
0.850,0.2,0.3679904701,0.8065947380
0.860,0.2,0.3644433247,0.8085175438
0.870,0.2,0.3609292083,0.8104160692
0.880,0.2,0.3574478371,0.8122906576
0.890,0.2,0.3539989293,0.8141416472
0.900,0.2,0.3505822049,0.8159693707
0.910,0.2,0.3471973860,0.8177741557
0.920,0.2,0.3438441965,0.8195563245
0.930,0.2,0.3405223624,0.8213161943
0.940,0.2,0.3372316114,0.8230540775
0.950,0.2,0.3339716732,0.8247702815
0.960,0.2,0.3307422794,0.8264651088
0.970,0.2,0.3275431637,0.8281388573
0.980,0.2,0.3243740615,0.8297918201
0.990,0.2,0.3212347101,0.8314242860
1.000,0.2,0.3181248488,0.8330365391
1.010,0.2,0.3150442188,0.8346288590
1.020,0.2,0.3119925630,0.8362015212
1.030,0.2,0.3089696266,0.8377547967
1.040,0.2,0.3059751562,0.8392889526
1.050,0.2,0.3030089006,0.8408042516
1.060,0.2,0.3000706103,0.8423009524
1.070,0.2,0.2971600378,0.8437793099
1.080,0.2,0.2942769372,0.8452395748
1.090,0.2,0.2914210648,0.8466819942
1.100,0.2,0.2885921786,0.8481068113
1.110,0.2,0.2857900382,0.8495142657
1.120,0.2,0.2830144054,0.8509045931
1.130,0.2,0.2802650436,0.8522780257
1.140,0.2,0.2775417181,0.8536347924
1.150,0.2,0.2748441960,0.8549751183
1.160,0.2,0.2721722461,0.8562992253
1.170,0.2,0.2695256391,0.8576073318
1.180,0.2,0.2669041474,0.8588996529
1.190,0.2,0.2643075454,0.8601764007
1.200,0.2,0.2617356090,0.8614377837
1.210,0.2,0.2591881159,0.8626840076
1.220,0.2,0.2566648457,0.8639152748
1.230,0.2,0.2541655797,0.8651317848
1.240,0.2,0.2516901007,0.8663337340
1.250,0.2,0.2492381936,0.8675213160
1.260,0.2,0.2468096448,0.8686947214
1.270,0.2,0.2444042424,0.8698541379
1.280,0.2,0.2420217763,0.8709997507
1.290,0.2,0.2396620379,0.8721317418
1.300,0.2,0.2373248207,0.8732502910
1.310,0.2,0.2350099193,0.8743555750
1.320,0.2,0.2327171305,0.8754477681
1.330,0.2,0.2304462523,0.8765270421
1.340,0.2,0.2281970848,0.8775935660
1.350,0.2,0.2259694293,0.8786475067
1.360,0.2,0.2237630890,0.8796890283
1.370,0.2,0.2215778687,0.8807182927
1.380,0.2,0.2194135747,0.8817354593
1.390,0.2,0.2172700149,0.8827406852
1.400,0.2,0.2151469990,0.8837341254
1.410,0.2,0.2130443380,0.8847159323
1.420,0.2,0.2109618446,0.8856862565
1.430,0.2,0.2088993332,0.8866452459
1.440,0.2,0.2068566195,0.8875930468
1.450,0.2,0.2048335209,0.8885298030
1.460,0.2,0.2028298562,0.8894556564
1.470,0.2,0.2008454459,0.8903707468
1.480,0.2,0.1988801119,0.8912752120
1.490,0.2,0.1969336777,0.8921691878
1.500,0.2,0.1950059682,0.8930528080
1.510,0.2,0.1930968097,0.8939262047
1.520,0.2,0.1912060302,0.8947895079
1.530,0.2,0.1893334591,0.8956428459
1.540,0.2,0.1874789270,0.8964863449
1.550,0.2,0.1856422664,0.8973201296
1.560,0.2,0.1838233108,0.8981443229
1.570,0.2,0.1820218955,0.8989590458
1.580,0.2,0.1802378568,0.8997644176
1.590,0.2,0.1784710329,0.9005605561
1.600,0.2,0.1767212630,0.9013475773
1.610,0.2,0.1749883878,0.9021255956
1.620,0.2,0.1732722494,0.9028947237
1.630,0.2,0.1715726914,0.9036550729
1.640,0.2,0.1698895586,0.9044067529
1.650,0.2,0.1682226971,0.9051498716
1.660,0.2,0.1665719545,0.9058845358
1.670,0.2,0.1649371796,0.9066108506
1.680,0.2,0.1633182226,0.9073289196
1.690,0.2,0.1617149350,0.9080388450
1.700,0.2,0.1601271696,0.9087407277
1.710,0.2,0.1585547805,0.9094346670
1.720,0.2,0.1569976230,0.9101207611
1.730,0.2,0.1554555537,0.9107991065
1.740,0.2,0.1539284307,0.9114697986
1.750,0.2,0.1524161129,0.9121329316
1.760,0.2,0.1509184609,0.9127885980
1.770,0.2,0.1494353363,0.9134368895
1.780,0.2,0.1479666019,0.9140778962
1.790,0.2,0.1465121218,0.9147117072
1.800,0.2,0.1450717613,0.9153384102
1.810,0.2,0.1436453870,0.9159580918
1.820,0.2,0.1422328664,0.9165708375
1.830,0.2,0.1408340685,0.9171767315
1.840,0.2,0.1394488632,0.9177758570
1.850,0.2,0.1380771219,0.9183682959
1.860,0.2,0.1367187167,0.9189541291
1.870,0.2,0.1353735213,0.9195334364
1.880,0.2,0.1340414103,0.9201062966
1.890,0.2,0.1327222594,0.9206727873
1.900,0.2,0.1314159455,0.9212329852
1.910,0.2,0.1301223465,0.9217869659
1.920,0.2,0.1288413417,0.9223348039
1.930,0.2,0.1275728111,0.9228765729
1.940,0.2,0.1263166360,0.9234123455
1.950,0.2,0.1250726988,0.9239421933
1.960,0.2,0.1238408829,0.9244661871
1.970,0.2,0.1226210726,0.9249843967
1.980,0.2,0.1214131537,0.9254968908
1.990,0.2,0.1202170125,0.9260037375
2.000,0.2,0.1190325367,0.9265050037
2.010,0.2,0.1178596149,0.9270007557
2.020,0.2,0.1166981366,0.9274910587
2.030,0.2,0.1155479927,0.9279759771
2.040,0.2,0.1144090746,0.9284555747
2.050,0.2,0.1132812750,0.9289299140
2.060,0.2,0.1121644875,0.9293990572
2.070,0.2,0.1110586067,0.9298630652
2.080,0.2,0.1099635281,0.9303219985
2.090,0.2,0.1088791483,0.9307759167
2.100,0.2,0.1078053647,0.9312248784
2.110,0.2,0.1067420756,0.9316689417
2.120,0.2,0.1056891805,0.9321081640
2.130,0.2,0.1046465795,0.9325426017
2.140,0.2,0.1036141739,0.9329723107
2.150,0.2,0.1025918658,0.9333973459
2.160,0.2,0.1015795581,0.9338177620
2.170,0.2,0.1005771548,0.9342336124
2.180,0.2,0.0995845606,0.9346449503
2.190,0.2,0.0986016812,0.9350518278
2.200,0.2,0.0976284232,0.9354542968
2.210,0.2,0.0966646938,0.9358524082
2.220,0.2,0.0957104015,0.9362462123
2.230,0.2,0.0947654553,0.9366357588
2.240,0.2,0.0938297652,0.9370210969
2.250,0.2,0.0929032419,0.9374022750
2.260,0.2,0.0919857972,0.9377793409
2.270,0.2,0.0910773434,0.9381523418
2.280,0.2,0.0901777938,0.9385213245
2.290,0.2,0.0892870625,0.9388863349
2.300,0.2,0.0884050643,0.9392474186
2.310,0.2,0.0875317151,0.9396046205
2.320,0.2,0.0866669311,0.9399579849
2.330,0.2,0.0858106297,0.9403075555
2.340,0.2,0.0849627288,0.9406533758
2.350,0.2,0.0841231473,0.9409954882
2.360,0.2,0.0832918047,0.9413339352
2.370,0.2,0.0824686212,0.9416687582
2.380,0.2,0.0816535181,0.9419999984
2.390,0.2,0.0808464169,0.9423276964
2.400,0.2,0.0800472403,0.9426518924
2.410,0.2,0.0792559116,0.9429726260
2.420,0.2,0.0784723546,0.9432899364
2.430,0.2,0.0776964940,0.9436038621
2.440,0.2,0.0769282554,0.9439144413
2.450,0.2,0.0761675647,0.9442217119
2.460,0.2,0.0754143489,0.9445257109
2.470,0.2,0.0746685353,0.9448264753
2.480,0.2,0.0739300521,0.9451240413
2.490,0.2,0.0731988282,0.9454184448
2.500,0.2,0.0724747932,0.9457097214
2.510,0.2,0.0717578771,0.9459979059
2.520,0.2,0.0710480110,0.9462830331
2.530,0.2,0.0703451262,0.9465651372
2.540,0.2,0.0696491549,0.9468442518
2.550,0.2,0.0689600300,0.9471204103
2.560,0.2,0.0682776848,0.9473936458
2.570,0.2,0.0676020535,0.9476639907
2.580,0.2,0.0669330707,0.9479314772
2.590,0.2,0.0662706717,0.9481961371
2.600,0.2,0.0656147925,0.9484580017
2.610,0.2,0.0649653697,0.9487171022
2.620,0.2,0.0643223402,0.9489734691
2.630,0.2,0.0636856420,0.9492271328
2.640,0.2,0.0630552132,0.9494781230
2.650,0.2,0.0624309930,0.9497264695
2.660,0.2,0.0618129206,0.9499722014
2.670,0.2,0.0612009363,0.9502153475
2.680,0.2,0.0605949806,0.9504559364
2.690,0.2,0.0599949948,0.9506939963
2.700,0.2,0.0594009207,0.9509295549
2.710,0.2,0.0588127005,0.9511626399
2.720,0.2,0.0582302772,0.9513932783
2.730,0.2,0.0576535943,0.9516214971
2.740,0.2,0.0570825956,0.9518473228
2.750,0.2,0.0565172256,0.9520707815
2.760,0.2,0.0559574295,0.9522918994
2.770,0.2,0.0554031528,0.9525107019
2.780,0.2,0.0548543415,0.9527272144
2.790,0.2,0.0543109424,0.9529414619
2.800,0.2,0.0537729023,0.9531534692
2.810,0.2,0.0532401691,0.9533632606
2.820,0.2,0.0527126908,0.9535708604
2.830,0.2,0.0521904161,0.9537762924
2.840,0.2,0.0516732940,0.9539795801
2.850,0.2,0.0511612741,0.9541807470
2.860,0.2,0.0506543066,0.9543798160
2.870,0.2,0.0501523421,0.9545768100
2.880,0.2,0.0496553314,0.9547717514
2.890,0.2,0.0491632263,0.9549646626
2.900,0.2,0.0486759786,0.9551555654
2.910,0.2,0.0481935408,0.9553444817
2.920,0.2,0.0477158657,0.9555314329
2.930,0.2,0.0472429068,0.9557164402
2.940,0.2,0.0467746179,0.9558995248
2.950,0.2,0.0463109531,0.9560807072
2.960,0.2,0.0458518673,0.9562600082
2.970,0.2,0.0453973154,0.9564374478
2.980,0.2,0.0449472531,0.9566130462
2.990,0.2,0.0445016363,0.9567868232
3.000,0.2,0.0440604215,0.9569587984
3.010,0.2,0.0436235655,0.9571289912
3.020,0.2,0.0431910256,0.9572974206
3.030,0.2,0.0427627594,0.9574641057
3.040,0.2,0.0423387249,0.9576290651
3.050,0.2,0.0419188807,0.9577923174
3.060,0.2,0.0415031857,0.9579538808
3.070,0.2,0.0410915991,0.9581137734
3.080,0.2,0.0406840805,0.9582720131
3.090,0.2,0.0402805901,0.9584286175
3.100,0.2,0.0398810883,0.9585836042
3.110,0.2,0.0394855360,0.9587369904
3.120,0.2,0.0390938943,0.9588887932
3.130,0.2,0.0387061248,0.9590390294
3.140,0.2,0.0383221895,0.9591877159
3.150,0.2,0.0379420507,0.9593348690
3.160,0.2,0.0375656711,0.9594805051
3.170,0.2,0.0371930138,0.9596246404
3.180,0.2,0.0368240422,0.9597672908
3.190,0.2,0.0364587200,0.9599084720
3.200,0.2,0.0360970114,0.9600481998
3.210,0.2,0.0357388808,0.9601864895
3.220,0.2,0.0353842931,0.9603233563
3.230,0.2,0.0350332134,0.9604588154
3.240,0.2,0.0346856072,0.9605928817
3.250,0.2,0.0343414403,0.9607255699
3.260,0.2,0.0340006789,0.9608568945
3.270,0.2,0.0336632895,0.9609868702
3.280,0.2,0.0333292389,0.9611155110
3.290,0.2,0.0329984943,0.9612428311
3.300,0.2,0.0326710230,0.9613688444
3.310,0.2,0.0323467930,0.9614935648
3.320,0.2,0.0320257722,0.9616170059
3.330,0.2,0.0317079290,0.9617391811
3.340,0.2,0.0313932323,0.9618601038
3.350,0.2,0.0310816510,0.9619797873
3.360,0.2,0.0307731543,0.9620982444
3.370,0.2,0.0304677120,0.9622154882
3.380,0.2,0.0301652939,0.9623315314
3.390,0.2,0.0298658703,0.9624463867
3.400,0.2,0.0295694116,0.9625600664
3.410,0.2,0.0292758887,0.9626725830
3.420,0.2,0.0289852725,0.9627839486
3.430,0.2,0.0286975345,0.9628941754
3.440,0.2,0.0284126462,0.9630032752
3.450,0.2,0.0281305796,0.9631112599
3.460,0.2,0.0278513069,0.9632181412
3.470,0.2,0.0275748004,0.9633239306
3.480,0.2,0.0273010331,0.9634286395
3.490,0.2,0.0270299777,0.9635322793
3.500,0.2,0.0267616076,0.9636348611
3.510,0.2,0.0264958963,0.9637363959
3.520,0.2,0.0262328176,0.9638368948
3.530,0.2,0.0259723454,0.9639363685
3.540,0.2,0.0257144541,0.9640348277
3.550,0.2,0.0254591183,0.9641322831
3.560,0.2,0.0252063126,0.9642287450
3.570,0.2,0.0249560122,0.9643242239
3.580,0.2,0.0247081922,0.9644187299
3.590,0.2,0.0244628283,0.9645122733
3.600,0.2,0.0242198961,0.9646048640
3.610,0.2,0.0239793718,0.9646965119
3.620,0.2,0.0237412314,0.9647872269
3.630,0.2,0.0235054515,0.9648770186
3.640,0.2,0.0232720087,0.9649658966
3.650,0.2,0.0230408800,0.9650538705
3.660,0.2,0.0228120425,0.9651409497
3.670,0.2,0.0225854736,0.9652271433
3.680,0.2,0.0223611509,0.9653124606
3.690,0.2,0.0221390522,0.9653969107
3.700,0.2,0.0219191556,0.9654805026
3.710,0.2,0.0217014392,0.9655632452
3.720,0.2,0.0214858815,0.9656451473
3.730,0.2,0.0212724613,0.9657262175
3.740,0.2,0.0210611573,0.9658064645
3.750,0.2,0.0208519487,0.9658858968
3.760,0.2,0.0206448148,0.9659645228
3.770,0.2,0.0204397350,0.9660423510
3.780,0.2,0.0202366890,0.9661193894
3.790,0.2,0.0200356569,0.9661956463
3.800,0.2,0.0198366185,0.9662711298
3.810,0.2,0.0196395543,0.9663458478
3.820,0.2,0.0194444447,0.9664198082
3.830,0.2,0.0192512704,0.9664930189
3.840,0.2,0.0190600123,0.9665654876
3.850,0.2,0.0188706514,0.9666372220
3.860,0.2,0.0186831689,0.9667082295
3.870,0.2,0.0184975462,0.9667785178
3.880,0.2,0.0183137651,0.9668480941
3.890,0.2,0.0181318072,0.9669169659
3.900,0.2,0.0179516545,0.9669851404
3.910,0.2,0.0177732892,0.9670526248
3.920,0.2,0.0175966935,0.9671194262
3.930,0.2,0.0174218501,0.9671855515
3.940,0.2,0.0172487415,0.9672510078
3.950,0.2,0.0170773505,0.9673158019
3.960,0.2,0.0169076602,0.9673799407
3.970,0.2,0.0167396538,0.9674434308
3.980,0.2,0.0165733146,0.9675062789
3.990,0.2,0.0164086260,0.9675684916
4.000,0.2,0.0162455718,0.9676300755
4.010,0.2,0.0160841358,0.9676910370
4.020,0.2,0.0159243019,0.9677513824
4.030,0.2,0.0157660544,0.9678111181
4.040,0.2,0.0156093774,0.9678702504
4.050,0.2,0.0154542554,0.9679287854
4.060,0.2,0.0153006731,0.9679867292
4.070,0.2,0.0151486152,0.9680440879
4.080,0.2,0.0149980667,0.9681008675
4.090,0.2,0.0148490125,0.9681570739
4.100,0.2,0.0147014378,0.9682127130
4.110,0.2,0.0145553281,0.9682677906
4.120,0.2,0.0144106688,0.9683223124
4.130,0.2,0.0142674455,0.9683762841
4.140,0.2,0.0141256441,0.9684297113
4.150,0.2,0.0139852503,0.9684825997
4.160,0.2,0.0138462504,0.9685349547
4.170,0.2,0.0137086305,0.9685867817
4.180,0.2,0.0135723769,0.9686380861
4.190,0.2,0.0134374761,0.9686888734
4.200,0.2,0.0133039147,0.9687391487
4.210,0.2,0.0131716793,0.9687889173
4.220,0.2,0.0130407570,0.9688381844
4.230,0.2,0.0129111346,0.9688869550
4.240,0.2,0.0127827993,0.9689352343
4.250,0.2,0.0126557384,0.9689830272
4.260,0.2,0.0125299391,0.9690303387
4.270,0.2,0.0124053890,0.9690771737
4.280,0.2,0.0122820758,0.9691235371
4.290,0.2,0.0121599871,0.9691694336
4.300,0.2,0.0120391109,0.9692148681
4.310,0.2,0.0119194350,0.9692598452
4.320,0.2,0.0118009477,0.9693043696
4.330,0.2,0.0116836371,0.9693484459
4.340,0.2,0.0115674916,0.9693920786
4.350,0.2,0.0114524995,0.9694352723
4.360,0.2,0.0113386496,0.9694780314
4.370,0.2,0.0112259304,0.9695203603
4.380,0.2,0.0111143308,0.9695622635
4.390,0.2,0.0110038396,0.9696037452
4.400,0.2,0.0108944459,0.9696448098
4.410,0.2,0.0107861388,0.9696854614
4.420,0.2,0.0106789074,0.9697257043
4.430,0.2,0.0105727412,0.9697655426
4.440,0.2,0.0104676296,0.9698049804
4.450,0.2,0.0103635621,0.9698440218
4.460,0.2,0.0102605284,0.9698826708
4.470,0.2,0.0101585181,0.9699209314
4.480,0.2,0.0100575213,0.9699588075
4.490,0.2,0.0099575277,0.9699963031
4.500,0.2,0.0098585275,0.9700334219
4.510,0.2,0.0097605108,0.9700701679
4.520,0.2,0.0096634679,0.9701065448
4.530,0.2,0.0095673890,0.9701425563
4.540,0.2,0.0094722647,0.9701782061
4.550,0.2,0.0093780855,0.9702134980
4.560,0.2,0.0092848419,0.9702484354
4.570,0.2,0.0091925247,0.9702830221
4.580,0.2,0.0091011248,0.9703172616
4.590,0.2,0.0090106329,0.9703511573
4.600,0.2,0.0089210402,0.9703847129
4.610,0.2,0.0088323377,0.9704179316
4.620,0.2,0.0087445165,0.9704508169
4.630,0.2,0.0086575679,0.9704833723
4.640,0.2,0.0085714832,0.9705156010
4.650,0.2,0.0084862540,0.9705475063
4.660,0.2,0.0084018716,0.9705790915
4.670,0.2,0.0083183277,0.9706103599
4.680,0.2,0.0082356140,0.9706413146
4.690,0.2,0.0081537222,0.9706719589
4.700,0.2,0.0080726441,0.9707022958
4.710,0.2,0.0079923718,0.9707323284
4.720,0.2,0.0079128972,0.9707620599
4.730,0.2,0.0078342123,0.9707914933
4.740,0.2,0.0077563094,0.9708206316
4.750,0.2,0.0076791806,0.9708494777
4.760,0.2,0.0076028184,0.9708780347
4.770,0.2,0.0075272150,0.9709063054
4.780,0.2,0.0074523630,0.9709342928
4.790,0.2,0.0073782549,0.9709619996
4.800,0.2,0.0073048834,0.9709894288
4.810,0.2,0.0072322410,0.9710165831
4.820,0.2,0.0071603206,0.9710434653
4.830,0.2,0.0070891149,0.9710700781
4.840,0.2,0.0070186170,0.9710964244
4.850,0.2,0.0069488198,0.9711225066
4.860,0.2,0.0068797162,0.9711483276
4.870,0.2,0.0068112995,0.9711738899
4.880,0.2,0.0067435629,0.9711991962
4.890,0.2,0.0066764994,0.9712242491
4.900,0.2,0.0066101026,0.9712490510
4.910,0.2,0.0065443657,0.9712736045
4.920,0.2,0.0064792822,0.9712979122
4.930,0.2,0.0064148457,0.9713219765
4.940,0.2,0.0063510496,0.9713457998
4.950,0.2,0.0062878876,0.9713693846
4.960,0.2,0.0062253535,0.9713927333
4.970,0.2,0.0061634410,0.9714158483
4.980,0.2,0.0061021440,0.9714387318
4.990,0.2,0.0060414562,0.9714613863
5.000,0.2,0.0059813717,0.9714838141
0.000,0.3,0.7820232710,0.5000000000
0.010,0.3,0.7749744520,0.5062510859
0.020,0.3,0.7679812665,0.5124078470
0.030,0.3,0.7610434482,0.5184718580
0.040,0.3,0.7541607278,0.5244446654
0.050,0.3,0.7473328328,0.5303277878
0.060,0.3,0.7405594883,0.5361227166
0.070,0.3,0.7338404165,0.5418309167
0.080,0.3,0.7271753372,0.5474538265
0.090,0.3,0.7205639681,0.5529928590
0.100,0.3,0.7140060242,0.5584494017
0.110,0.3,0.7075012187,0.5638248175
0.120,0.3,0.7010492629,0.5691204450
0.130,0.3,0.6946498658,0.5743375988
0.140,0.3,0.6883027351,0.5794775704
0.150,0.3,0.6820075766,0.5845416280
0.160,0.3,0.6757640946,0.5895310176
0.170,0.3,0.6695719919,0.5944469628
0.180,0.3,0.6634309701,0.5992906657
0.190,0.3,0.6573407295,0.6040633071
0.200,0.3,0.6513009691,0.6087660467
0.210,0.3,0.6453113871,0.6134000240
0.220,0.3,0.6393716805,0.6179663581
0.230,0.3,0.6334815456,0.6224661486
0.240,0.3,0.6276406779,0.6269004755
0.250,0.3,0.6218487721,0.6312703998
0.260,0.3,0.6161055222,0.6355769640
0.270,0.3,0.6104106220,0.6398211921
0.280,0.3,0.6047637644,0.6440040902
0.290,0.3,0.5991646422,0.6481266467
0.300,0.3,0.5936129478,0.6521898329
0.310,0.3,0.5881083732,0.6561946026
0.320,0.3,0.5826506105,0.6601418935
0.330,0.3,0.5772393514,0.6640326265
0.340,0.3,0.5718742878,0.6678677065
0.350,0.3,0.5665551114,0.6716480228
0.360,0.3,0.5612815140,0.6753744490
0.370,0.3,0.5560531877,0.6790478437
0.380,0.3,0.5508698245,0.6826690504
0.390,0.3,0.5457311170,0.6862388980
0.400,0.3,0.5406367577,0.6897582010
0.410,0.3,0.5355864397,0.6932277600
0.420,0.3,0.5305798564,0.6966483613
0.430,0.3,0.5256167018,0.7000207780
0.440,0.3,0.5206966701,0.7033457698
0.450,0.3,0.5158194563,0.7066240831
0.460,0.3,0.5109847559,0.7098564516
0.470,0.3,0.5061922649,0.7130435962
0.480,0.3,0.5014416801,0.7161862256
0.490,0.3,0.4967326991,0.7192850363
0.500,0.3,0.4920650199,0.7223407127
0.510,0.3,0.4874383417,0.7253539276
0.520,0.3,0.4828523642,0.7283253422
0.530,0.3,0.4783067882,0.7312556065
0.540,0.3,0.4738013151,0.7341453593
0.550,0.3,0.4693356474,0.7369952286
0.560,0.3,0.4649094886,0.7398058315
0.570,0.3,0.4605225431,0.7425777748
0.580,0.3,0.4561745163,0.7453116550
0.590,0.3,0.4518651146,0.7480080583
0.600,0.3,0.4475940456,0.7506675611
0.610,0.3,0.4433610179,0.7532907299
0.620,0.3,0.4391657412,0.7558781218
0.630,0.3,0.4350079263,0.7584302843
0.640,0.3,0.4308872854,0.7609477557
0.650,0.3,0.4268035316,0.7634310654
0.660,0.3,0.4227563794,0.7658807337
0.670,0.3,0.4187455444,0.7682972722
0.680,0.3,0.4147707435,0.7706811839
0.690,0.3,0.4108316949,0.7730329634
0.700,0.3,0.4069281181,0.7753530970
0.710,0.3,0.4030597337,0.7776420628
0.720,0.3,0.3992262640,0.7799003310
0.730,0.3,0.3954274322,0.7821283638
0.740,0.3,0.3916629633,0.7843266160
0.750,0.3,0.3879325832,0.7864955345
0.760,0.3,0.3842360195,0.7886355590
0.770,0.3,0.3805730011,0.7907471217
0.780,0.3,0.3769432583,0.7928306478
0.790,0.3,0.3733465228,0.7948865553
0.800,0.3,0.3697825278,0.7969152556
0.810,0.3,0.3662510077,0.7989171529
0.820,0.3,0.3627516987,0.8008926450
0.830,0.3,0.3592843382,0.8028421231
0.840,0.3,0.3558486652,0.8047659718
0.850,0.3,0.3524444201,0.8066645696
0.860,0.3,0.3490713447,0.8085382887
0.870,0.3,0.3457291824,0.8103874953
0.880,0.3,0.3424176782,0.8122125493
0.890,0.3,0.3391365783,0.8140138051
0.900,0.3,0.3358856307,0.8157916111
0.910,0.3,0.3326645848,0.8175463100
0.920,0.3,0.3294731914,0.8192782391
0.930,0.3,0.3263112030,0.8209877301
0.940,0.3,0.3231783735,0.8226751093
0.950,0.3,0.3200744585,0.8243406977
0.960,0.3,0.3169992148,0.8259848112
0.970,0.3,0.3139524011,0.8276077606
0.980,0.3,0.3109337774,0.8292098515
0.990,0.3,0.3079431053,0.8307913849
1.000,0.3,0.3049801480,0.8323526566
1.010,0.3,0.3020446701,0.8338939578
1.020,0.3,0.2991364379,0.8354155751
1.030,0.3,0.2962552192,0.8369177905
1.040,0.3,0.2934007832,0.8384008813
1.050,0.3,0.2905729009,0.8398651207
1.060,0.3,0.2877713445,0.8413107772
1.070,0.3,0.2849958880,0.8427381152
1.080,0.3,0.2822463070,0.8441473949
1.090,0.3,0.2795223783,0.8455388723
1.100,0.3,0.2768238806,0.8469127994
1.110,0.3,0.2741505939,0.8482694242
1.120,0.3,0.2715022998,0.8496089907
1.130,0.3,0.2688787816,0.8509317393
1.140,0.3,0.2662798237,0.8522379062
1.150,0.3,0.2637052125,0.8535277243
1.160,0.3,0.2611547356,0.8548014225
1.170,0.3,0.2586281823,0.8560592264
1.180,0.3,0.2561253434,0.8573013579
1.190,0.3,0.2536460110,0.8585280353
1.200,0.3,0.2511899790,0.8597394739
1.210,0.3,0.2487570427,0.8609358851
1.220,0.3,0.2463469987,0.8621174776
1.230,0.3,0.2439596454,0.8632844564
1.240,0.3,0.2415947826,0.8644370234
1.250,0.3,0.2392522114,0.8655753776
1.260,0.3,0.2369317347,0.8666997147
1.270,0.3,0.2346331566,0.8678102274
1.280,0.3,0.2323562828,0.8689071056
1.290,0.3,0.2301009204,0.8699905360
1.300,0.3,0.2278668781,0.8710607026
1.310,0.3,0.2256539659,0.8721177867
1.320,0.3,0.2234619953,0.8731619665
1.330,0.3,0.2212907793,0.8741934177
1.340,0.3,0.2191401323,0.8752123134
1.350,0.3,0.2170098702,0.8762188237
1.360,0.3,0.2148998101,0.8772131164
1.370,0.3,0.2128097707,0.8781953568
1.380,0.3,0.2107395722,0.8791657074
1.390,0.3,0.2086890360,0.8801243286
1.400,0.3,0.2066579850,0.8810713781
1.410,0.3,0.2046462436,0.8820070112
1.420,0.3,0.2026536373,0.8829313811
1.430,0.3,0.2006799934,0.8838446385
1.440,0.3,0.1987251402,0.8847469318
1.450,0.3,0.1967889075,0.8856384075
1.460,0.3,0.1948711265,0.8865192094
1.470,0.3,0.1929716297,0.8873894796
1.480,0.3,0.1910902510,0.8882493578
1.490,0.3,0.1892268256,0.8890989817
1.500,0.3,0.1873811901,0.8899384870
1.510,0.3,0.1855531822,0.8907680074
1.520,0.3,0.1837426413,0.8915876745
1.530,0.3,0.1819494078,0.8923976180
1.540,0.3,0.1801733235,0.8931979657
1.550,0.3,0.1784142315,0.8939888435
1.560,0.3,0.1766719762,0.8947703755
1.570,0.3,0.1749464032,0.8955426839
1.580,0.3,0.1732373596,0.8963058891
1.590,0.3,0.1715446935,0.8970601099
1.600,0.3,0.1698682543,0.8978054630
1.610,0.3,0.1682078929,0.8985420639
1.620,0.3,0.1665634612,0.8992700259
1.630,0.3,0.1649348124,0.8999894610
1.640,0.3,0.1633218009,0.9007004795
1.650,0.3,0.1617242824,0.9014031899
1.660,0.3,0.1601421137,0.9020976995
1.670,0.3,0.1585751529,0.9027841137
1.680,0.3,0.1570232593,0.9034625365
1.690,0.3,0.1554862933,0.9041330705
1.700,0.3,0.1539641167,0.9047958166
1.710,0.3,0.1524565921,0.9054508746
1.720,0.3,0.1509635836,0.9060983425
1.730,0.3,0.1494849564,0.9067383170
1.740,0.3,0.1480205767,0.9073708936
1.750,0.3,0.1465703121,0.9079961663
1.760,0.3,0.1451340309,0.9086142277
1.770,0.3,0.1437116031,0.9092251692
1.780,0.3,0.1423028993,0.9098290809
1.790,0.3,0.1409077916,0.9104260514
1.800,0.3,0.1395261530,0.9110161684
1.810,0.3,0.1381578577,0.9115995181
1.820,0.3,0.1368027808,0.9121761856
1.830,0.3,0.1354607987,0.9127462548
1.840,0.3,0.1341317888,0.9133098083
1.850,0.3,0.1328156296,0.9138669276
1.860,0.3,0.1315122006,0.9144176933
1.870,0.3,0.1302213823,0.9149621845
1.880,0.3,0.1289430564,0.9155004794
1.890,0.3,0.1276771056,0.9160326550
1.900,0.3,0.1264234134,0.9165587874
1.910,0.3,0.1251818648,0.9170789516
1.920,0.3,0.1239523452,0.9175932213
1.930,0.3,0.1227347416,0.9181016695
1.940,0.3,0.1215289416,0.9186043681
1.950,0.3,0.1203348340,0.9191013880
1.960,0.3,0.1191523084,0.9195927989
1.970,0.3,0.1179812556,0.9200786700
1.980,0.3,0.1168215672,0.9205590692
1.990,0.3,0.1156731358,0.9210340636
2.000,0.3,0.1145358551,0.9215037192
2.010,0.3,0.1134096194,0.9219681015
2.020,0.3,0.1122943244,0.9224272746
2.030,0.3,0.1111898663,0.9228813022
2.040,0.3,0.1100961426,0.9233302468
2.050,0.3,0.1090130514,0.9237741702
2.060,0.3,0.1079404919,0.9242131333
2.070,0.3,0.1068783643,0.9246471962
2.080,0.3,0.1058265693,0.9250764183
2.090,0.3,0.1047850090,0.9255008581
2.100,0.3,0.1037535860,0.9259205731
2.110,0.3,0.1027322040,0.9263356205
2.120,0.3,0.1017207674,0.9267460564
2.130,0.3,0.1007191816,0.9271519361
2.140,0.3,0.0997273528,0.9275533145
2.150,0.3,0.0987451880,0.9279502453
2.160,0.3,0.0977725951,0.9283427819
2.170,0.3,0.0968094830,0.9287309769
2.180,0.3,0.0958557610,0.9291148819
2.190,0.3,0.0949113397,0.9294945483
2.200,0.3,0.0939761302,0.9298700264
2.210,0.3,0.0930500445,0.9302413660
2.220,0.3,0.0921329955,0.9306086163
2.230,0.3,0.0912248967,0.9309718259
2.240,0.3,0.0903256626,0.9313310424
2.250,0.3,0.0894352083,0.9316863133
2.260,0.3,0.0885534498,0.9320376851
2.270,0.3,0.0876803039,0.9323852038
2.280,0.3,0.0868156879,0.9327289148
2.290,0.3,0.0859595202,0.9330688629
2.300,0.3,0.0851117198,0.9334050924
2.310,0.3,0.0842722065,0.9337376469
2.320,0.3,0.0834409006,0.9340665695
2.330,0.3,0.0826177235,0.9343919028
2.340,0.3,0.0818025970,0.9347136887
2.350,0.3,0.0809954439,0.9350319686
2.360,0.3,0.0801961876,0.9353467835
2.370,0.3,0.0794047520,0.9356581738
2.380,0.3,0.0786210621,0.9359661793
2.390,0.3,0.0778450433,0.9362708393
2.400,0.3,0.0770766218,0.9365721927
2.410,0.3,0.0763157244,0.9368702779
2.420,0.3,0.0755622787,0.9371651328
2.430,0.3,0.0748162129,0.9374567946
2.440,0.3,0.0740774559,0.9377453003
2.450,0.3,0.0733459373,0.9380306864
2.460,0.3,0.0726215872,0.9383129887
2.470,0.3,0.0719043366,0.9385922429
2.480,0.3,0.0711941168,0.9388684839
2.490,0.3,0.0704908601,0.9391417465
2.500,0.3,0.0697944991,0.9394120648
2.510,0.3,0.0691049674,0.9396794725
2.520,0.3,0.0684221989,0.9399440030
2.530,0.3,0.0677461283,0.9402056893
2.540,0.3,0.0670766909,0.9404645637
2.550,0.3,0.0664138224,0.9407206584
2.560,0.3,0.0657574593,0.9409740052
2.570,0.3,0.0651075387,0.9412246352
2.580,0.3,0.0644639983,0.9414725794
2.590,0.3,0.0638267763,0.9417178684
2.600,0.3,0.0631958114,0.9419605322
2.610,0.3,0.0625710432,0.9422006007
2.620,0.3,0.0619524115,0.9424381033
2.630,0.3,0.0613398568,0.9426730689
2.640,0.3,0.0607333203,0.9429055264
2.650,0.3,0.0601327436,0.9431355039
2.660,0.3,0.0595380688,0.9433630295
2.670,0.3,0.0589492388,0.9435881309
2.680,0.3,0.0583661968,0.9438108353
2.690,0.3,0.0577888866,0.9440311696
2.700,0.3,0.0572172525,0.9442491606
2.710,0.3,0.0566512395,0.9444648345
2.720,0.3,0.0560907928,0.9446782173
2.730,0.3,0.0555358585,0.9448893347
2.740,0.3,0.0549863830,0.9450982121
2.750,0.3,0.0544423131,0.9453048744
2.760,0.3,0.0539035964,0.9455093465
2.770,0.3,0.0533701807,0.9457116527
2.780,0.3,0.0528420145,0.9459118173
2.790,0.3,0.0523190467,0.9461098640
2.800,0.3,0.0518012266,0.9463058166
2.810,0.3,0.0512885043,0.9464996981
2.820,0.3,0.0507808300,0.9466915317
2.830,0.3,0.0502781546,0.9468813401
2.840,0.3,0.0497804293,0.9470691458
2.850,0.3,0.0492876060,0.9472549708
2.860,0.3,0.0487996369,0.9474388372
2.870,0.3,0.0483164746,0.9476207666
2.880,0.3,0.0478380722,0.9478007805
2.890,0.3,0.0473643835,0.9479788998
2.900,0.3,0.0468953623,0.9481551457
2.910,0.3,0.0464309631,0.9483295386
2.920,0.3,0.0459711409,0.9485020990
2.930,0.3,0.0455158510,0.9486728471
2.940,0.3,0.0450650491,0.9488418028
2.950,0.3,0.0446186914,0.9490089857
2.960,0.3,0.0441767345,0.9491744154
2.970,0.3,0.0437391354,0.9493381110
2.980,0.3,0.0433058515,0.9495000915
2.990,0.3,0.0428768407,0.9496603757
3.000,0.3,0.0424520613,0.9498189823
3.010,0.3,0.0420314717,0.9499759294
3.020,0.3,0.0416150312,0.9501312352
3.030,0.3,0.0412026991,0.9502849177
3.040,0.3,0.0407944352,0.9504369944
3.050,0.3,0.0403901997,0.9505874830
3.060,0.3,0.0399899533,0.9507364007
3.070,0.3,0.0395936569,0.9508837646
3.080,0.3,0.0392012717,0.9510295916
3.090,0.3,0.0388127597,0.9511738983
3.100,0.3,0.0384280827,0.9513167014
3.110,0.3,0.0380472034,0.9514580169
3.120,0.3,0.0376700844,0.9515978612
3.130,0.3,0.0372966889,0.9517362501
3.140,0.3,0.0369269806,0.9518731994
3.150,0.3,0.0365609231,0.9520087246
3.160,0.3,0.0361984808,0.9521428411
3.170,0.3,0.0358396183,0.9522755641
3.180,0.3,0.0354843004,0.9524069087
3.190,0.3,0.0351324924,0.9525368897
3.200,0.3,0.0347841598,0.9526655218
3.210,0.3,0.0344392686,0.9527928196
3.220,0.3,0.0340977851,0.9529187974
3.230,0.3,0.0337596757,0.9530434693
3.240,0.3,0.0334249075,0.9531668494
3.250,0.3,0.0330934475,0.9532889516
3.260,0.3,0.0327652634,0.9534097896
3.270,0.3,0.0324403229,0.9535293770
3.280,0.3,0.0321185943,0.9536477271
3.290,0.3,0.0318000460,0.9537648532
3.300,0.3,0.0314846468,0.9538807683
3.310,0.3,0.0311723657,0.9539954855
3.320,0.3,0.0308631722,0.9541090176
3.330,0.3,0.0305570358,0.9542213771
3.340,0.3,0.0302539266,0.9543325767
3.350,0.3,0.0299538148,0.9544426287
3.360,0.3,0.0296566709,0.9545515452
3.370,0.3,0.0293624658,0.9546593385
3.380,0.3,0.0290711706,0.9547660205
3.390,0.3,0.0287827567,0.9548716030
3.400,0.3,0.0284971957,0.9549760977
3.410,0.3,0.0282144597,0.9550795161
3.420,0.3,0.0279345207,0.9551818697
3.430,0.3,0.0276573514,0.9552831698
3.440,0.3,0.0273829244,0.9553834276
3.450,0.3,0.0271112128,0.9554826541
3.460,0.3,0.0268421899,0.9555808603
3.470,0.3,0.0265758292,0.9556780569
3.480,0.3,0.0263121045,0.9557742547
3.490,0.3,0.0260509898,0.9558694641
3.500,0.3,0.0257924595,0.9559636957
3.510,0.3,0.0255364882,0.9560569599
3.520,0.3,0.0252830505,0.9561492667
3.530,0.3,0.0250321217,0.9562406263
3.540,0.3,0.0247836769,0.9563310488
3.550,0.3,0.0245376918,0.9564205440
3.560,0.3,0.0242941420,0.9565091216
3.570,0.3,0.0240530036,0.9565967913
3.580,0.3,0.0238142529,0.9566835628
3.590,0.3,0.0235778663,0.9567694453
3.600,0.3,0.0233438204,0.9568544484
3.610,0.3,0.0231120924,0.9569385812
3.620,0.3,0.0228826592,0.9570218529
3.630,0.3,0.0226554984,0.9571042725
3.640,0.3,0.0224305874,0.9571858490
3.650,0.3,0.0222079041,0.9572665912
3.660,0.3,0.0219874265,0.9573465078
3.670,0.3,0.0217691330,0.9574256076
3.680,0.3,0.0215530019,0.9575038990
3.690,0.3,0.0213390119,0.9575813906
3.700,0.3,0.0211271419,0.9576580907
3.710,0.3,0.0209173711,0.9577340076
3.720,0.3,0.0207096786,0.9578091494
3.730,0.3,0.0205040440,0.9578835244
3.740,0.3,0.0203004470,0.9579571404
3.750,0.3,0.0200988675,0.9580300054
3.760,0.3,0.0198992855,0.9581021273
3.770,0.3,0.0197016814,0.9581735138
3.780,0.3,0.0195060356,0.9582441726
3.790,0.3,0.0193123288,0.9583141112
3.800,0.3,0.0191205419,0.9583833372
3.810,0.3,0.0189306559,0.9584518580
3.820,0.3,0.0187426520,0.9585196809
3.830,0.3,0.0185565117,0.9585868132
3.840,0.3,0.0183722165,0.9586532621
3.850,0.3,0.0181897482,0.9587190346
3.860,0.3,0.0180090889,0.9587841379
3.870,0.3,0.0178302206,0.9588485788
3.880,0.3,0.0176531256,0.9589123643
3.890,0.3,0.0174777864,0.9589755012
3.900,0.3,0.0173041857,0.9590379961
3.910,0.3,0.0171323063,0.9590998557
3.920,0.3,0.0169621311,0.9591610867
3.930,0.3,0.0167936434,0.9592216955
3.940,0.3,0.0166268265,0.9592816886
3.950,0.3,0.0164616639,0.9593410723
3.960,0.3,0.0162981391,0.9593998531
3.970,0.3,0.0161362361,0.9594580370
3.980,0.3,0.0159759388,0.9595156303
3.990,0.3,0.0158172313,0.9595726391
4.000,0.3,0.0156600979,0.9596290695
4.010,0.3,0.0155045230,0.9596849273
4.020,0.3,0.0153504913,0.9597402186
4.030,0.3,0.0151979874,0.9597949492
4.040,0.3,0.0150469963,0.9598491249
4.050,0.3,0.0148975030,0.9599027513
4.060,0.3,0.0147494927,0.9599558342
4.070,0.3,0.0146029507,0.9600083791
4.080,0.3,0.0144578625,0.9600603917
4.090,0.3,0.0143142138,0.9601118774
4.100,0.3,0.0141719902,0.9601628416
4.110,0.3,0.0140311777,0.9602132897
4.120,0.3,0.0138917623,0.9602632270
4.130,0.3,0.0137537303,0.9603126587
4.140,0.3,0.0136170678,0.9603615902
4.150,0.3,0.0134817614,0.9604100264
4.160,0.3,0.0133477977,0.9604579726
4.170,0.3,0.0132151633,0.9605054337
4.180,0.3,0.0130838451,0.9605524147
4.190,0.3,0.0129538301,0.9605989206
4.200,0.3,0.0128251054,0.9606449562
4.210,0.3,0.0126976581,0.9606905264
4.220,0.3,0.0125714758,0.9607356359
4.230,0.3,0.0124465457,0.9607802896
4.240,0.3,0.0123228557,0.9608244919
4.250,0.3,0.0122003932,0.9608682477
4.260,0.3,0.0120791463,0.9609115613
4.270,0.3,0.0119591029,0.9609544375
4.280,0.3,0.0118402510,0.9609968807
4.290,0.3,0.0117225789,0.9610388952
4.300,0.3,0.0116060749,0.9610804856
4.310,0.3,0.0114907273,0.9611216560
4.320,0.3,0.0113765249,0.9611624109
4.330,0.3,0.0112634561,0.9612027545
4.340,0.3,0.0111515098,0.9612426910
4.350,0.3,0.0110406749,0.9612822246
4.360,0.3,0.0109309404,0.9613213593
4.370,0.3,0.0108222953,0.9613600992
4.380,0.3,0.0107147289,0.9613984485
4.390,0.3,0.0106082305,0.9614364110
4.400,0.3,0.0105027895,0.9614739908
4.410,0.3,0.0103983954,0.9615111917
4.420,0.3,0.0102950378,0.9615480176
4.430,0.3,0.0101927066,0.9615844723
4.440,0.3,0.0100913914,0.9616205596
4.450,0.3,0.0099910823,0.9616562833
4.460,0.3,0.0098917693,0.9616916471
4.470,0.3,0.0097934424,0.9617266546
4.480,0.3,0.0096960920,0.9617613095
4.490,0.3,0.0095997084,0.9617956154
4.500,0.3,0.0095042819,0.9618295758
4.510,0.3,0.0094098031,0.9618631942
4.520,0.3,0.0093162626,0.9618964741
4.530,0.3,0.0092236511,0.9619294191
4.540,0.3,0.0091319594,0.9619620324
4.550,0.3,0.0090411783,0.9619943175
4.560,0.3,0.0089512989,0.9620262776
4.570,0.3,0.0088623121,0.9620579162
4.580,0.3,0.0087742092,0.9620892365
4.590,0.3,0.0086869814,0.9621202416
4.600,0.3,0.0086006200,0.9621509349
4.610,0.3,0.0085151164,0.9621813195
4.620,0.3,0.0084304621,0.9622113984
4.630,0.3,0.0083466487,0.9622411749
4.640,0.3,0.0082636679,0.9622706521
4.650,0.3,0.0081815113,0.9622998328
4.660,0.3,0.0081001709,0.9623287202
4.670,0.3,0.0080196385,0.9623573172
4.680,0.3,0.0079399061,0.9623856269
4.690,0.3,0.0078609658,0.9624136520
4.700,0.3,0.0077828096,0.9624413954
4.710,0.3,0.0077054300,0.9624688601
4.720,0.3,0.0076288191,0.9624960489
4.730,0.3,0.0075529693,0.9625229646
4.740,0.3,0.0074778730,0.9625496098
4.750,0.3,0.0074035229,0.9625759875
4.760,0.3,0.0073299114,0.9626021002
4.770,0.3,0.0072570313,0.9626279507
4.780,0.3,0.0071848753,0.9626535416
4.790,0.3,0.0071134363,0.9626788756
4.800,0.3,0.0070427070,0.9627039553
4.810,0.3,0.0069726805,0.9627287831
4.820,0.3,0.0069033498,0.9627533618
4.830,0.3,0.0068347080,0.9627776938
4.840,0.3,0.0067667482,0.9628017815
4.850,0.3,0.0066994637,0.9628256276
4.860,0.3,0.0066328478,0.9628492343
4.870,0.3,0.0065668939,0.9628726042
4.880,0.3,0.0065015953,0.9628957396
4.890,0.3,0.0064369457,0.9629186430
4.900,0.3,0.0063729384,0.9629413166
4.910,0.3,0.0063095672,0.9629637628
4.920,0.3,0.0062468258,0.9629859838
4.930,0.3,0.0061847079,0.9630079820
4.940,0.3,0.0061232073,0.9630297596
4.950,0.3,0.0060623178,0.9630513188
4.960,0.3,0.0060020335,0.9630726619
4.970,0.3,0.0059423483,0.9630937910
4.980,0.3,0.0058832562,0.9631147083
4.990,0.3,0.0058247515,0.9631354158
5.000,0.3,0.0057668282,0.9631559159
