# Source Data for Fig. 7d: correlated leakage model, gamma = 0.5, k = 1
# Recomputed from the closed forms in the paper, not from the co-author's code.
# Input state alpha = sqrt(0.6), beta = sqrt(0.4).
time,mu,expected_holevo_bits,eve_fidelity
0.000,0.0,0.7497750884,0.5000000000
0.010,0.0,0.7432057846,0.5064132604
0.020,0.0,0.7366842019,0.5127260056
0.030,0.0,0.7302102148,0.5189399624
0.040,0.0,0.7237836921,0.5250568264
0.050,0.0,0.7174044973,0.5310782617
0.060,0.0,0.7110724886,0.5370059023
0.070,0.0,0.7047875188,0.5428413524
0.080,0.0,0.6985494362,0.5485861869
0.090,0.0,0.6923580840,0.5542419520
0.100,0.0,0.6862133011,0.5598101657
0.110,0.0,0.6801149217,0.5652923186
0.120,0.0,0.6740627760,0.5706898739
0.130,0.0,0.6680566901,0.5760042685
0.140,0.0,0.6620964859,0.5812369129
0.150,0.0,0.6561819818,0.5863891925
0.160,0.0,0.6503129926,0.5914624671
0.170,0.0,0.6444893292,0.5964580721
0.180,0.0,0.6387107997,0.6013773187
0.190,0.0,0.6329772086,0.6062214945
0.200,0.0,0.6272883574,0.6109918637
0.210,0.0,0.6216440448,0.6156896678
0.220,0.0,0.6160440664,0.6203161257
0.230,0.0,0.6104882155,0.6248724345
0.240,0.0,0.6049762824,0.6293597697
0.250,0.0,0.5995080551,0.6337792858
0.260,0.0,0.5940833195,0.6381321162
0.270,0.0,0.5887018589,0.6424193742
0.280,0.0,0.5833634545,0.6466421531
0.290,0.0,0.5780678859,0.6508015265
0.300,0.0,0.5728149302,0.6548985488
0.310,0.0,0.5676043632,0.6589342556
0.320,0.0,0.5624359585,0.6629096639
0.330,0.0,0.5573094886,0.6668257724
0.340,0.0,0.5522247240,0.6706835622
0.350,0.0,0.5471814339,0.6744839968
0.360,0.0,0.5421793864,0.6782280225
0.370,0.0,0.5372183481,0.6819165688
0.380,0.0,0.5322980843,0.6855505485
0.390,0.0,0.5274183595,0.6891308584
0.400,0.0,0.5225789369,0.6926583793
0.410,0.0,0.5177795790,0.6961339762
0.420,0.0,0.5130200473,0.6995584990
0.430,0.0,0.5083001024,0.7029327825
0.440,0.0,0.5036195045,0.7062576465
0.450,0.0,0.4989780127,0.7095338966
0.460,0.0,0.4943753858,0.7127623241
0.470,0.0,0.4898113821,0.7159437062
0.480,0.0,0.4852857592,0.7190788064
0.490,0.0,0.4807982746,0.7221683750
0.500,0.0,0.4763486852,0.7252131489
0.510,0.0,0.4719367477,0.7282138520
0.520,0.0,0.4675622186,0.7311711957
0.530,0.0,0.4632248542,0.7340858787
0.540,0.0,0.4589244108,0.7369585875
0.550,0.0,0.4546606444,0.7397899968
0.560,0.0,0.4504333112,0.7425807691
0.570,0.0,0.4462421673,0.7453315557
0.580,0.0,0.4420869688,0.7480429963
0.590,0.0,0.4379674722,0.7507157196
0.600,0.0,0.4338834339,0.7533503432
0.610,0.0,0.4298346106,0.7559474741
0.620,0.0,0.4258207594,0.7585077086
0.630,0.0,0.4218416374,0.7610316328
0.640,0.0,0.4178970022,0.7635198224
0.650,0.0,0.4139866119,0.7659728435
0.660,0.0,0.4101102247,0.7683912519
0.670,0.0,0.4062675996,0.7707755944
0.680,0.0,0.4024584956,0.7731264077
0.690,0.0,0.3986826727,0.7754442198
0.700,0.0,0.3949398912,0.7777295492
0.710,0.0,0.3912299120,0.7799829058
0.720,0.0,0.3875524966,0.7822047904
0.730,0.0,0.3839074071,0.7843956955
0.740,0.0,0.3802944064,0.7865561050
0.750,0.0,0.3767132579,0.7886864944
0.760,0.0,0.3731637259,0.7907873313
0.770,0.0,0.3696455752,0.7928590752
0.780,0.0,0.3661585716,0.7949021777
0.790,0.0,0.3627024817,0.7969170827
0.800,0.0,0.3592770726,0.7989042266
0.810,0.0,0.3558821125,0.8008640383
0.820,0.0,0.3525173705,0.8027969396
0.830,0.0,0.3491826164,0.8047033449
0.840,0.0,0.3458776209,0.8065836616
0.850,0.0,0.3426021558,0.8084382904
0.860,0.0,0.3393559936,0.8102676249
0.870,0.0,0.3361389078,0.8120720524
0.880,0.0,0.3329506730,0.8138519534
0.890,0.0,0.3297910647,0.8156077021
0.900,0.0,0.3266598594,0.8173396664
0.910,0.0,0.3235568345,0.8190482080
0.920,0.0,0.3204817686,0.8207336825
0.930,0.0,0.3174344413,0.8223964395
0.940,0.0,0.3144146330,0.8240368229
0.950,0.0,0.3114221256,0.8256551707
0.960,0.0,0.3084567017,0.8272518152
0.970,0.0,0.3055181452,0.8288270834
0.980,0.0,0.3026062411,0.8303812966
0.990,0.0,0.2997207752,0.8319147709
1.000,0.0,0.2968615348,0.8334278170
1.010,0.0,0.2940283082,0.8349207406
1.020,0.0,0.2912208846,0.8363938423
1.030,0.0,0.2884390548,0.8378474177
1.040,0.0,0.2856826103,0.8392817573
1.050,0.0,0.2829513440,0.8406971473
1.060,0.0,0.2802450500,0.8420938686
1.070,0.0,0.2775635233,0.8434721979
1.080,0.0,0.2749065603,0.8448324072
1.090,0.0,0.2722739586,0.8461747640
1.100,0.0,0.2696655168,0.8474995315
1.110,0.0,0.2670810349,0.8488069684
1.120,0.0,0.2645203139,0.8500973294
1.130,0.0,0.2619831562,0.8513708649
1.140,0.0,0.2594693652,0.8526278212
1.150,0.0,0.2569787456,0.8538684407
1.160,0.0,0.2545111033,0.8550929618
1.170,0.0,0.2520662454,0.8563016190
1.180,0.0,0.2496439803,0.8574946430
1.190,0.0,0.2472441174,0.8586722608
1.200,0.0,0.2448664676,0.8598346956
1.210,0.0,0.2425108428,0.8609821672
1.220,0.0,0.2401770561,0.8621148918
1.230,0.0,0.2378649220,0.8632330819
1.240,0.0,0.2355742562,0.8643369469
1.250,0.0,0.2333048753,0.8654266925
1.260,0.0,0.2310565976,0.8665025215
1.270,0.0,0.2288292422,0.8675646331
1.280,0.0,0.2266226297,0.8686132234
1.290,0.0,0.2244365818,0.8696484856
1.300,0.0,0.2222709214,0.8706706094
1.310,0.0,0.2201254727,0.8716797819
1.320,0.0,0.2180000611,0.8726761869
1.330,0.0,0.2158945130,0.8736600056
1.340,0.0,0.2138086564,0.8746314159
1.350,0.0,0.2117423202,0.8755905933
1.360,0.0,0.2096953346,0.8765377103
1.370,0.0,0.2076675310,0.8774729368
1.380,0.0,0.2056587421,0.8783964398
1.390,0.0,0.2036688016,0.8793083840
1.400,0.0,0.2016975447,0.8802089312
1.410,0.0,0.1997448074,0.8810982409
1.420,0.0,0.1978104272,0.8819764699
1.430,0.0,0.1958942427,0.8828437728
1.440,0.0,0.1939960936,0.8837003014
1.450,0.0,0.1921158210,0.8845462056
1.460,0.0,0.1902532669,0.8853816327
1.470,0.0,0.1884082746,0.8862067276
1.480,0.0,0.1865806887,0.8870216332
1.490,0.0,0.1847703548,0.8878264901
1.500,0.0,0.1829771197,0.8886214367
1.510,0.0,0.1812008313,0.8894066091
1.520,0.0,0.1794413389,0.8901821417
1.530,0.0,0.1776984926,0.8909481666
1.540,0.0,0.1759721439,0.8917048137
1.550,0.0,0.1742621453,0.8924522111
1.560,0.0,0.1725683505,0.8931904850
1.570,0.0,0.1708906145,0.8939197596
1.580,0.0,0.1692287930,0.8946401571
1.590,0.0,0.1675827432,0.8953517979
1.600,0.0,0.1659523234,0.8960548007
1.610,0.0,0.1643373927,0.8967492822
1.620,0.0,0.1627378116,0.8974353575
1.630,0.0,0.1611534416,0.8981131397
1.640,0.0,0.1595841453,0.8987827405
1.650,0.0,0.1580297864,0.8994442697
1.660,0.0,0.1564902297,0.9000978356
1.670,0.0,0.1549653411,0.9007435446
1.680,0.0,0.1534549874,0.9013815019
1.690,0.0,0.1519590368,0.9020118108
1.700,0.0,0.1504773582,0.9026345731
1.710,0.0,0.1490098219,0.9032498892
1.720,0.0,0.1475562989,0.9038578580
1.730,0.0,0.1461166614,0.9044585767
1.740,0.0,0.1446907829,0.9050521414
1.750,0.0,0.1432785375,0.9056386465
1.760,0.0,0.1418798006,0.9062181850
1.770,0.0,0.1404944486,0.9067908487
1.780,0.0,0.1391223587,0.9073567279
1.790,0.0,0.1377634095,0.9079159117
1.800,0.0,0.1364174802,0.9084684878
1.810,0.0,0.1350844513,0.9090145426
1.820,0.0,0.1337642042,0.9095541611
1.830,0.0,0.1324566211,0.9100874274
1.840,0.0,0.1311615855,0.9106144241
1.850,0.0,0.1298789817,0.9111352326
1.860,0.0,0.1286086949,0.9116499333
1.870,0.0,0.1273506115,0.9121586052
1.880,0.0,0.1261046186,0.9126613263
1.890,0.0,0.1248706045,0.9131581734
1.900,0.0,0.1236484581,0.9136492223
1.910,0.0,0.1224380696,0.9141345474
1.920,0.0,0.1212393300,0.9146142225
1.930,0.0,0.1200521310,0.9150883199
1.940,0.0,0.1188763657,0.9155569111
1.950,0.0,0.1177119277,0.9160200665
1.960,0.0,0.1165587117,0.9164778555
1.970,0.0,0.1154166132,0.9169303465
1.980,0.0,0.1142855287,0.9173776069
1.990,0.0,0.1131653555,0.9178197032
2.000,0.0,0.1120559918,0.9182567009
2.010,0.0,0.1109573368,0.9186886647
2.020,0.0,0.1098692905,0.9191156580
2.030,0.0,0.1087917536,0.9195377439
2.040,0.0,0.1077246279,0.9199549840
2.050,0.0,0.1066678159,0.9203674394
2.060,0.0,0.1056212210,0.9207751703
2.070,0.0,0.1045847475,0.9211782360
2.080,0.0,0.1035583004,0.9215766949
2.090,0.0,0.1025417858,0.9219706046
2.100,0.0,0.1015351102,0.9223600221
2.110,0.0,0.1005381813,0.9227450032
2.120,0.0,0.0995509074,0.9231256034
2.130,0.0,0.0985731976,0.9235018771
2.140,0.0,0.0976049621,0.9238738780
2.150,0.0,0.0966461114,0.9242416591
2.160,0.0,0.0956965573,0.9246052727
2.170,0.0,0.0947562119,0.9249647703
2.180,0.0,0.0938249885,0.9253202026
2.190,0.0,0.0929028009,0.9256716199
2.200,0.0,0.0919895637,0.9260190716
2.210,0.0,0.0910851924,0.9263626063
2.220,0.0,0.0901896031,0.9267022722
2.230,0.0,0.0893027127,0.9270381167
2.240,0.0,0.0884244389,0.9273701865
2.250,0.0,0.0875547000,0.9276985278
2.260,0.0,0.0866934152,0.9280231861
2.270,0.0,0.0858405043,0.9283442063
2.280,0.0,0.0849958879,0.9286616326
2.290,0.0,0.0841594873,0.9289755088
2.300,0.0,0.0833312244,0.9292858778
2.310,0.0,0.0825110219,0.9295927823
2.320,0.0,0.0816988031,0.9298962640
2.330,0.0,0.0808944923,0.9301963645
2.340,0.0,0.0800980140,0.9304931244
2.350,0.0,0.0793092938,0.9307865841
2.360,0.0,0.0785282578,0.9310767833
2.370,0.0,0.0777548328,0.9313637611
2.380,0.0,0.0769889461,0.9316475562
2.390,0.0,0.0762305260,0.9319282068
2.400,0.0,0.0754795011,0.9322057505
2.410,0.0,0.0747358009,0.9324802245
2.420,0.0,0.0739993554,0.9327516653
2.430,0.0,0.0732700954,0.9330201092
2.440,0.0,0.0725479521,0.9332855918
2.450,0.0,0.0718328575,0.9335481484
2.460,0.0,0.0711247441,0.9338078136
2.470,0.0,0.0704235452,0.9340646218
2.480,0.0,0.0697291946,0.9343186069
2.490,0.0,0.0690416266,0.9345698022
2.500,0.0,0.0683607763,0.9348182406
2.510,0.0,0.0676865793,0.9350639547
2.520,0.0,0.0670189717,0.9353069767
2.530,0.0,0.0663578905,0.9355473381
2.540,0.0,0.0657032729,0.9357850704
2.550,0.0,0.0650550568,0.9360202042
2.560,0.0,0.0644131809,0.9362527701
2.570,0.0,0.0637775842,0.9364827982
2.580,0.0,0.0631482063,0.9367103182
2.590,0.0,0.0625249875,0.9369353593
2.600,0.0,0.0619078685,0.9371579504
2.610,0.0,0.0612967906,0.9373781202
2.620,0.0,0.0606916957,0.9375958968
2.630,0.0,0.0600925262,0.9378113080
2.640,0.0,0.0594992251,0.9380243813
2.650,0.0,0.0589117357,0.9382351439
2.660,0.0,0.0583300020,0.9384436223
2.670,0.0,0.0577539686,0.9386498432
2.680,0.0,0.0571835806,0.9388538326
2.690,0.0,0.0566187833,0.9390556163
2.700,0.0,0.0560595230,0.9392552196
2.710,0.0,0.0555057461,0.9394526677
2.720,0.0,0.0549573996,0.9396479854
2.730,0.0,0.0544144312,0.9398411972
2.740,0.0,0.0538767888,0.9400323272
2.750,0.0,0.0533444210,0.9402213993
2.760,0.0,0.0528172768,0.9404084372
2.770,0.0,0.0522953057,0.9405934639
2.780,0.0,0.0517784576,0.9407765026
2.790,0.0,0.0512666829,0.9409575759
2.800,0.0,0.0507599325,0.9411367063
2.810,0.0,0.0502581579,0.9413139158
2.820,0.0,0.0497613107,0.9414892263
2.830,0.0,0.0492693433,0.9416626594
2.840,0.0,0.0487822083,0.9418342364
2.850,0.0,0.0482998590,0.9420039784
2.860,0.0,0.0478222489,0.9421719062
2.870,0.0,0.0473493321,0.9423380402
2.880,0.0,0.0468810630,0.9425024008
2.890,0.0,0.0464173965,0.9426650080
2.900,0.0,0.0459582880,0.9428258816
2.910,0.0,0.0455036932,0.9429850411
2.920,0.0,0.0450535683,0.9431425058
2.930,0.0,0.0446078698,0.9432982948
2.940,0.0,0.0441665548,0.9434524269
2.950,0.0,0.0437295806,0.9436049208
2.960,0.0,0.0432969051,0.9437557947
2.970,0.0,0.0428684864,0.9439050668
2.980,0.0,0.0424442832,0.9440527551
2.990,0.0,0.0420242544,0.9441988773
3.000,0.0,0.0416083595,0.9443434509
3.010,0.0,0.0411965582,0.9444864931
3.020,0.0,0.0407888106,0.9446280210
3.030,0.0,0.0403850774,0.9447680516
3.040,0.0,0.0399853193,0.9449066014
3.050,0.0,0.0395894976,0.9450436869
3.060,0.0,0.0391975741,0.9451793244
3.070,0.0,0.0388095108,0.9453135300
3.080,0.0,0.0384252699,0.9454463196
3.090,0.0,0.0380448143,0.9455777088
3.100,0.0,0.0376681070,0.9457077131
3.110,0.0,0.0372951114,0.9458363478
3.120,0.0,0.0369257915,0.9459636281
3.130,0.0,0.0365601112,0.9460895690
3.140,0.0,0.0361980351,0.9462141852
3.150,0.0,0.0358395280,0.9463374912
3.160,0.0,0.0354845550,0.9464595016
3.170,0.0,0.0351330817,0.9465802306
3.180,0.0,0.0347850738,0.9466996922
3.190,0.0,0.0344404976,0.9468179004
3.200,0.0,0.0340993194,0.9469348690
3.210,0.0,0.0337615061,0.9470506115
3.220,0.0,0.0334270247,0.9471651413
3.230,0.0,0.0330958428,0.9472784718
3.240,0.0,0.0327679280,0.9473906160
3.250,0.0,0.0324432485,0.9475015870
3.260,0.0,0.0321217724,0.9476113975
3.270,0.0,0.0318034686,0.9477200601
3.280,0.0,0.0314883060,0.9478275875
3.290,0.0,0.0311762538,0.9479339919
3.300,0.0,0.0308672815,0.9480392856
3.310,0.0,0.0305613592,0.9481434807
3.320,0.0,0.0302584568,0.9482465891
3.330,0.0,0.0299585448,0.9483486226
3.340,0.0,0.0296615939,0.9484495929
3.350,0.0,0.0293675751,0.9485495116
3.360,0.0,0.0290764597,0.9486483899
3.370,0.0,0.0287882192,0.9487462391
3.380,0.0,0.0285028254,0.9488430705
3.390,0.0,0.0282202506,0.9489388950
3.400,0.0,0.0279404669,0.9490337235
3.410,0.0,0.0276634471,0.9491275667
3.420,0.0,0.0273891640,0.9492204353
3.430,0.0,0.0271175908,0.9493123397
3.440,0.0,0.0268487009,0.9494032904
3.450,0.0,0.0265824681,0.9494932977
3.460,0.0,0.0263188661,0.9495823716
3.470,0.0,0.0260578692,0.9496705222
3.480,0.0,0.0257994519,0.9497577595
3.490,0.0,0.0255435888,0.9498440931
3.500,0.0,0.0252902548,0.9499295330
3.510,0.0,0.0250394252,0.9500140885
3.520,0.0,0.0247910752,0.9500977692
3.530,0.0,0.0245451806,0.9501805845
3.540,0.0,0.0243017172,0.9502625436
3.550,0.0,0.0240606611,0.9503436557
3.560,0.0,0.0238219888,0.9504239298
3.570,0.0,0.0235856767,0.9505033749
3.580,0.0,0.0233517017,0.9505819998
3.590,0.0,0.0231200408,0.9506598133
3.600,0.0,0.0228906713,0.9507368240
3.610,0.0,0.0226635706,0.9508130405
3.620,0.0,0.0224387164,0.9508884712
3.630,0.0,0.0222160866,0.9509631245
3.640,0.0,0.0219956594,0.9510370087
3.650,0.0,0.0217774130,0.9511101319
3.660,0.0,0.0215613261,0.9511825022
3.670,0.0,0.0213473774,0.9512541276
3.680,0.0,0.0211355458,0.9513250161
3.690,0.0,0.0209258105,0.9513951753
3.700,0.0,0.0207181509,0.9514646131
3.710,0.0,0.0205125465,0.9515333372
3.720,0.0,0.0203089772,0.9516013549
3.730,0.0,0.0201074228,0.9516686739
3.740,0.0,0.0199078635,0.9517353015
3.750,0.0,0.0197102798,0.9518012450
3.760,0.0,0.0195146521,0.9518665117
3.770,0.0,0.0193209611,0.9519311086
3.780,0.0,0.0191291879,0.9519950429
3.790,0.0,0.0189393134,0.9520583215
3.800,0.0,0.0187513190,0.9521209514
3.810,0.0,0.0185651863,0.9521829394
3.820,0.0,0.0183808967,0.9522442922
3.830,0.0,0.0181984322,0.9523050165
3.840,0.0,0.0180177747,0.9523651190
3.850,0.0,0.0178389065,0.9524246062
3.860,0.0,0.0176618099,0.9524834844
3.870,0.0,0.0174864675,0.9525417602
3.880,0.0,0.0173128619,0.9525994399
3.890,0.0,0.0171409761,0.9526565297
3.900,0.0,0.0169707930,0.9527130358
3.910,0.0,0.0168022959,0.9527689642
3.920,0.0,0.0166354681,0.9528243212
3.930,0.0,0.0164702933,0.9528791126
3.940,0.0,0.0163067549,0.9529333444
3.950,0.0,0.0161448371,0.9529870223
3.960,0.0,0.0159845236,0.9530401523
3.970,0.0,0.0158257988,0.9530927401
3.980,0.0,0.0156686468,0.9531447912
3.990,0.0,0.0155130523,0.9531963114
4.000,0.0,0.0153589998,0.9532473061
4.010,0.0,0.0152064742,0.9532977808
4.020,0.0,0.0150554602,0.9533477410
4.030,0.0,0.0149059431,0.9533971921
4.040,0.0,0.0147579080,0.9534461392
4.050,0.0,0.0146113403,0.9534945877
4.060,0.0,0.0144662255,0.9535425428
4.070,0.0,0.0143225493,0.9535900096
4.080,0.0,0.0141802974,0.9536369931
4.090,0.0,0.0140394558,0.9536834985
4.100,0.0,0.0139000106,0.9537295306
4.110,0.0,0.0137619479,0.9537750944
4.120,0.0,0.0136252541,0.9538201948
4.130,0.0,0.0134899157,0.9538648365
4.140,0.0,0.0133559193,0.9539090244
4.150,0.0,0.0132232516,0.9539527631
4.160,0.0,0.0130918995,0.9539960572
4.170,0.0,0.0129618500,0.9540389115
4.180,0.0,0.0128330902,0.9540813304
4.190,0.0,0.0127056074,0.9541233185
4.200,0.0,0.0125793889,0.9541648802
4.210,0.0,0.0124544223,0.9542060199
4.220,0.0,0.0123306951,0.9542467421
4.230,0.0,0.0122081952,0.9542870509
4.240,0.0,0.0120869103,0.9543269508
4.250,0.0,0.0119668285,0.9543664458
4.260,0.0,0.0118479379,0.9544055403
4.270,0.0,0.0117302266,0.9544442383
4.280,0.0,0.0116136831,0.9544825439
4.290,0.0,0.0114982958,0.9545204612
4.300,0.0,0.0113840532,0.9545579942
4.310,0.0,0.0112709440,0.9545951468
4.320,0.0,0.0111589571,0.9546319230
4.330,0.0,0.0110480812,0.9546683267
4.340,0.0,0.0109383055,0.9547043616
4.350,0.0,0.0108296190,0.9547400316
4.360,0.0,0.0107220109,0.9547753405
4.370,0.0,0.0106154706,0.9548102919
4.380,0.0,0.0105099875,0.9548448895
4.390,0.0,0.0104055512,0.9548791371
4.400,0.0,0.0103021513,0.9549130381
4.410,0.0,0.0101997775,0.9549465961
4.420,0.0,0.0100984196,0.9549798147
4.430,0.0,0.0099980677,0.9550126973
4.440,0.0,0.0098987118,0.9550452475
4.450,0.0,0.0098003420,0.9550774685
4.460,0.0,0.0097029485,0.9551093638
4.470,0.0,0.0096065216,0.9551409368
4.480,0.0,0.0095110519,0.9551721907
4.490,0.0,0.0094165298,0.9552031288
4.500,0.0,0.0093229460,0.9552337544
4.510,0.0,0.0092302911,0.9552640706
4.520,0.0,0.0091385559,0.9552940806
4.530,0.0,0.0090477314,0.9553237876
4.540,0.0,0.0089578086,0.9553531946
4.550,0.0,0.0088687784,0.9553823048
4.560,0.0,0.0087806321,0.9554111211
4.570,0.0,0.0086933609,0.9554396466
4.580,0.0,0.0086069561,0.9554678843
4.590,0.0,0.0085214092,0.9554958370
4.600,0.0,0.0084367116,0.9555235078
4.610,0.0,0.0083528549,0.9555508994
4.620,0.0,0.0082698309,0.9555780148
4.630,0.0,0.0081876312,0.9556048568
4.640,0.0,0.0081062477,0.9556314281
4.650,0.0,0.0080256723,0.9556577315
4.660,0.0,0.0079458970,0.9556837698
4.670,0.0,0.0078669138,0.9557095456
4.680,0.0,0.0077887150,0.9557350617
4.690,0.0,0.0077112927,0.9557603207
4.700,0.0,0.0076346393,0.9557853251
4.710,0.0,0.0075587471,0.9558100777
4.720,0.0,0.0074836085,0.9558345809
4.730,0.0,0.0074092162,0.9558588374
4.740,0.0,0.0073355627,0.9558828496
4.750,0.0,0.0072626407,0.9559066200
4.760,0.0,0.0071904429,0.9559301511
4.770,0.0,0.0071189622,0.9559534453
4.780,0.0,0.0070481914,0.9559765050
4.790,0.0,0.0069781235,0.9559993326
4.800,0.0,0.0069087516,0.9560219305
4.810,0.0,0.0068400687,0.9560443010
4.820,0.0,0.0067720681,0.9560664465
4.830,0.0,0.0067047429,0.9560883691
4.840,0.0,0.0066380864,0.9561100713
4.850,0.0,0.0065720920,0.9561315551
4.860,0.0,0.0065067532,0.9561528229
4.870,0.0,0.0064420635,0.9561738768
4.880,0.0,0.0063780164,0.9561947190
4.890,0.0,0.0063146055,0.9562153517
4.900,0.0,0.0062518245,0.9562357770
4.910,0.0,0.0061896672,0.9562559969
4.920,0.0,0.0061281274,0.9562760137
4.930,0.0,0.0060671990,0.9562958292
4.940,0.0,0.0060068759,0.9563154457
4.950,0.0,0.0059471521,0.9563348650
4.960,0.0,0.0058880217,0.9563540892
4.970,0.0,0.0058294787,0.9563731203
4.980,0.0,0.0057715174,0.9563919603
4.990,0.0,0.0057141319,0.9564106110
5.000,0.0,0.0056573166,0.9564290744
0.000,0.3,0.7497750884,0.5000000000
0.010,0.3,0.7429393947,0.5058591489
0.020,0.3,0.7361611873,0.5116380950
0.030,0.3,0.7294400717,0.5173380055
0.040,0.3,0.7227756543,0.5229600299
0.050,0.3,0.7161675424,0.5285053001
0.060,0.3,0.7096153446,0.5339749305
0.070,0.3,0.7031186703,0.5393700188
0.080,0.3,0.6966771301,0.5446916458
0.090,0.3,0.6902903356,0.5499408758
0.100,0.3,0.6839578997,0.5551187570
0.110,0.3,0.6776794365,0.5602263216
0.120,0.3,0.6714545613,0.5652645861
0.130,0.3,0.6652828905,0.5702345514
0.140,0.3,0.6591640420,0.5751372035
0.150,0.3,0.6530976350,0.5799735132
0.160,0.3,0.6470832900,0.5847444366
0.170,0.3,0.6411206288,0.5894509153
0.180,0.3,0.6352092747,0.5940938767
0.190,0.3,0.6293488525,0.5986742340
0.200,0.3,0.6235389882,0.6031928867
0.210,0.3,0.6177793097,0.6076507207
0.220,0.3,0.6120694459,0.6120486084
0.230,0.3,0.6064090276,0.6163874091
0.240,0.3,0.6007976870,0.6206679691
0.250,0.3,0.5952350578,0.6248911219
0.260,0.3,0.5897207755,0.6290576883
0.270,0.3,0.5842544770,0.6331684771
0.280,0.3,0.5788358010,0.6372242845
0.290,0.3,0.5734643875,0.6412258950
0.300,0.3,0.5681398787,0.6451740810
0.310,0.3,0.5628619179,0.6490696037
0.320,0.3,0.5576301504,0.6529132124
0.330,0.3,0.5524442233,0.6567056455
0.340,0.3,0.5473037852,0.6604476301
0.350,0.3,0.5422084864,0.6641398825
0.360,0.3,0.5371579791,0.6677831082
0.370,0.3,0.5321519173,0.6713780022
0.380,0.3,0.5271899566,0.6749252490
0.390,0.3,0.5222717544,0.6784255230
0.400,0.3,0.5173969699,0.6818794883
0.410,0.3,0.5125652642,0.6852877993
0.420,0.3,0.5077763000,0.6886511004
0.430,0.3,0.5030297421,0.6919700266
0.440,0.3,0.4983252569,0.6952452033
0.450,0.3,0.4936625126,0.6984772467
0.460,0.3,0.4890411795,0.7016667636
0.470,0.3,0.4844609293,0.7048143519
0.480,0.3,0.4799214361,0.7079206007
0.490,0.3,0.4754223754,0.7109860902
0.500,0.3,0.4709634247,0.7140113920
0.510,0.3,0.4665442635,0.7169970692
0.520,0.3,0.4621645730,0.7199436767
0.530,0.3,0.4578240363,0.7228517610
0.540,0.3,0.4535223385,0.7257218605
0.550,0.3,0.4492591663,0.7285545058
0.560,0.3,0.4450342086,0.7313502194
0.570,0.3,0.4408471560,0.7341095163
0.580,0.3,0.4366977010,0.7368329037
0.590,0.3,0.4325855380,0.7395208816
0.600,0.3,0.4285103634,0.7421739422
0.610,0.3,0.4244718752,0.7447925709
0.620,0.3,0.4204697736,0.7473772455
0.630,0.3,0.4165037604,0.7499284371
0.640,0.3,0.4125735397,0.7524466098
0.650,0.3,0.4086788170,0.7549322207
0.660,0.3,0.4048193000,0.7573857204
0.670,0.3,0.4009946981,0.7598075528
0.680,0.3,0.3972047228,0.7621981552
0.690,0.3,0.3934490874,0.7645579587
0.700,0.3,0.3897275069,0.7668873878
0.710,0.3,0.3860396983,0.7691868611
0.720,0.3,0.3823853806,0.7714567907
0.730,0.3,0.3787642745,0.7736975831
0.740,0.3,0.3751761026,0.7759096385
0.750,0.3,0.3716205895,0.7780933514
0.760,0.3,0.3680974615,0.7802491107
0.770,0.3,0.3646064467,0.7823772994
0.780,0.3,0.3611472753,0.7844782949
0.790,0.3,0.3577196792,0.7865524694
0.800,0.3,0.3543233921,0.7886001893
0.810,0.3,0.3509581497,0.7906218160
0.820,0.3,0.3476236893,0.7926177054
0.830,0.3,0.3443197503,0.7945882085
0.840,0.3,0.3410460738,0.7965336710
0.850,0.3,0.3378024026,0.7984544336
0.860,0.3,0.3345884814,0.8003508321
0.870,0.3,0.3314040570,0.8022231976
0.880,0.3,0.3282488775,0.8040718561
0.890,0.3,0.3251226931,0.8058971292
0.900,0.3,0.3220252558,0.8076993336
0.910,0.3,0.3189563193,0.8094787817
0.920,0.3,0.3159156392,0.8112357811
0.930,0.3,0.3129029725,0.8129706352
0.940,0.3,0.3099180786,0.8146836429
0.950,0.3,0.3069607180,0.8163750989
0.960,0.3,0.3040306535,0.8180452936
0.970,0.3,0.3011276492,0.8196945132
0.980,0.3,0.2982514714,0.8213230398
0.990,0.3,0.2954018876,0.8229311517
1.000,0.3,0.2925786675,0.8245191228
1.010,0.3,0.2897815823,0.8260872233
1.020,0.3,0.2870104048,0.8276357196
1.030,0.3,0.2842649098,0.8291648742
1.040,0.3,0.2815448736,0.8306749459
1.050,0.3,0.2788500742,0.8321661897
1.060,0.3,0.2761802912,0.8336388570
1.070,0.3,0.2735353062,0.8350931958
1.080,0.3,0.2709149021,0.8365294503
1.090,0.3,0.2683188635,0.8379478614
1.100,0.3,0.2657469770,0.8393486665
1.110,0.3,0.2631990304,0.8407320996
1.120,0.3,0.2606748133,0.8420983916
1.130,0.3,0.2581741171,0.8434477698
1.140,0.3,0.2556967345,0.8447804585
1.150,0.3,0.2532424601,0.8460966788
1.160,0.3,0.2508110899,0.8473966486
1.170,0.3,0.2484024215,0.8486805827
1.180,0.3,0.2460162542,0.8499486931
1.190,0.3,0.2436523889,0.8512011884
1.200,0.3,0.2413106278,0.8524382747
1.210,0.3,0.2389907750,0.8536601548
1.220,0.3,0.2366926359,0.8548670290
1.230,0.3,0.2344160175,0.8560590946
1.240,0.3,0.2321607285,0.8572365461
1.250,0.3,0.2299265788,0.8583995752
1.260,0.3,0.2277133800,0.8595483713
1.270,0.3,0.2255209454,0.8606831206
1.280,0.3,0.2233490894,0.8618040071
1.290,0.3,0.2211976281,0.8629112121
1.300,0.3,0.2190663791,0.8640049143
1.310,0.3,0.2169551615,0.8650852900
1.320,0.3,0.2148637956,0.8661525130
1.330,0.3,0.2127921035,0.8672067546
1.340,0.3,0.2107399086,0.8682481839
1.350,0.3,0.2087070356,0.8692769674
1.360,0.3,0.2066933109,0.8702932695
1.370,0.3,0.2046985620,0.8712972523
1.380,0.3,0.2027226181,0.8722890755
1.390,0.3,0.2007653096,0.8732688966
1.400,0.3,0.1988264683,0.8742368711
1.410,0.3,0.1969059276,0.8751931521
1.420,0.3,0.1950035221,0.8761378908
1.430,0.3,0.1931190876,0.8770712363
1.440,0.3,0.1912524616,0.8779933354
1.450,0.3,0.1894034828,0.8789043331
1.460,0.3,0.1875719911,0.8798043723
1.470,0.3,0.1857578279,0.8806935940
1.480,0.3,0.1839608358,0.8815721372
1.490,0.3,0.1821808590,0.8824401391
1.500,0.3,0.1804177425,0.8832977348
1.510,0.3,0.1786713330,0.8841450577
1.520,0.3,0.1769414785,0.8849822393
1.530,0.3,0.1752280279,0.8858094095
1.540,0.3,0.1735308317,0.8866266961
1.550,0.3,0.1718497415,0.8874342253
1.560,0.3,0.1701846104,0.8882321217
1.570,0.3,0.1685352924,0.8890205080
1.580,0.3,0.1669016429,0.8897995053
1.590,0.3,0.1652835185,0.8905692331
1.600,0.3,0.1636807771,0.8913298093
1.610,0.3,0.1620932776,0.8920813499
1.620,0.3,0.1605208804,0.8928239697
1.630,0.3,0.1589634468,0.8935577818
1.640,0.3,0.1574208395,0.8942828977
1.650,0.3,0.1558929222,0.8949994274
1.660,0.3,0.1543795599,0.8957074795
1.670,0.3,0.1528806186,0.8964071611
1.680,0.3,0.1513959657,0.8970985778
1.690,0.3,0.1499254694,0.8977818338
1.700,0.3,0.1484689994,0.8984570319
1.710,0.3,0.1470264263,0.8991242735
1.720,0.3,0.1455976217,0.8997836586
1.730,0.3,0.1441824587,0.9004352859
1.740,0.3,0.1427808111,0.9010792528
1.750,0.3,0.1413925540,0.9017156554
1.760,0.3,0.1400175636,0.9023445884
1.770,0.3,0.1386557170,0.9029661453
1.780,0.3,0.1373068926,0.9035804183
1.790,0.3,0.1359709696,0.9041874985
1.800,0.3,0.1346478284,0.9047874756
1.810,0.3,0.1333373506,0.9053804383
1.820,0.3,0.1320394185,0.9059664739
1.830,0.3,0.1307539156,0.9065456686
1.840,0.3,0.1294807264,0.9071181076
1.850,0.3,0.1282197366,0.9076838748
1.860,0.3,0.1269708325,0.9082430531
1.870,0.3,0.1257339017,0.9087957241
1.880,0.3,0.1245088327,0.9093419686
1.890,0.3,0.1232955151,0.9098818660
1.900,0.3,0.1220938392,0.9104154950
1.910,0.3,0.1209036965,0.9109429330
1.920,0.3,0.1197249794,0.9114642565
1.930,0.3,0.1185575812,0.9119795409
1.940,0.3,0.1174013961,0.9124888606
1.950,0.3,0.1162563195,0.9129922892
1.960,0.3,0.1151222474,0.9134898991
1.970,0.3,0.1139990770,0.9139817618
1.980,0.3,0.1128867061,0.9144679480
1.990,0.3,0.1117850337,0.9149485274
2.000,0.3,0.1106939595,0.9154235686
2.010,0.3,0.1096133842,0.9158931396
2.020,0.3,0.1085432095,0.9163573073
2.030,0.3,0.1074833376,0.9168161378
2.040,0.3,0.1064336720,0.9172696963
2.050,0.3,0.1053941168,0.9177180472
2.060,0.3,0.1043645770,0.9181612539
2.070,0.3,0.1033449585,0.9185993793
2.080,0.3,0.1023351681,0.9190324852
2.090,0.3,0.1013351132,0.9194606326
2.100,0.3,0.1003447023,0.9198838818
2.110,0.3,0.0993638446,0.9203022924
2.120,0.3,0.0983924501,0.9207159230
2.130,0.3,0.0974304297,0.9211248316
2.140,0.3,0.0964776949,0.9215290754
2.150,0.3,0.0955341583,0.9219287109
2.160,0.3,0.0945997331,0.9223237938
2.170,0.3,0.0936743332,0.9227143790
2.180,0.3,0.0927578734,0.9231005210
2.190,0.3,0.0918502694,0.9234822733
2.200,0.3,0.0909514374,0.9238596888
2.210,0.3,0.0900612945,0.9242328198
2.220,0.3,0.0891797585,0.9246017177
2.230,0.3,0.0883067481,0.9249664335
2.240,0.3,0.0874421825,0.9253270175
2.250,0.3,0.0865859817,0.9256835191
2.260,0.3,0.0857380666,0.9260359874
2.270,0.3,0.0848983587,0.9263844707
2.280,0.3,0.0840667801,0.9267290167
2.290,0.3,0.0832432538,0.9270696725
2.300,0.3,0.0824277034,0.9274064845
2.310,0.3,0.0816200532,0.9277394988
2.320,0.3,0.0808202283,0.9280687605
2.330,0.3,0.0800281542,0.9283943145
2.340,0.3,0.0792437575,0.9287162049
2.350,0.3,0.0784669651,0.9290344753
2.360,0.3,0.0776977047,0.9293491688
2.370,0.3,0.0769359048,0.9296603278
2.380,0.3,0.0761814944,0.9299679944
2.390,0.3,0.0754344031,0.9302722099
2.400,0.3,0.0746945613,0.9305730153
2.410,0.3,0.0739619000,0.9308704509
2.420,0.3,0.0732363507,0.9311645567
2.430,0.3,0.0725178458,0.9314553720
2.440,0.3,0.0718063180,0.9317429357
2.450,0.3,0.0711017008,0.9320272861
2.460,0.3,0.0704039284,0.9323084613
2.470,0.3,0.0697129354,0.9325864985
2.480,0.3,0.0690286571,0.9328614349
2.490,0.3,0.0683510294,0.9331333067
2.500,0.3,0.0676799888,0.9334021502
2.510,0.3,0.0670154725,0.9336680008
2.520,0.3,0.0663574179,0.9339308938
2.530,0.3,0.0657057635,0.9341908638
2.540,0.3,0.0650604479,0.9344479450
2.550,0.3,0.0644214107,0.9347021713
2.560,0.3,0.0637885916,0.9349535761
2.570,0.3,0.0631619312,0.9352021925
2.580,0.3,0.0625413705,0.9354480529
2.590,0.3,0.0619268512,0.9356911896
2.600,0.3,0.0613183153,0.9359316343
2.610,0.3,0.0607157056,0.9361694185
2.620,0.3,0.0601189652,0.9364045731
2.630,0.3,0.0595280379,0.9366371287
2.640,0.3,0.0589428679,0.9368671156
2.650,0.3,0.0583634001,0.9370945635
2.660,0.3,0.0577895796,0.9373195021
2.670,0.3,0.0572213524,0.9375419604
2.680,0.3,0.0566586647,0.9377619672
2.690,0.3,0.0561014634,0.9379795508
2.700,0.3,0.0555496956,0.9381947394
2.710,0.3,0.0550033093,0.9384075606
2.720,0.3,0.0544622528,0.9386180418
2.730,0.3,0.0539264747,0.9388262101
2.740,0.3,0.0533959244,0.9390320921
2.750,0.3,0.0528705515,0.9392357143
2.760,0.3,0.0523503064,0.9394371026
2.770,0.3,0.0518351395,0.9396362828
2.780,0.3,0.0513250021,0.9398332803
2.790,0.3,0.0508198457,0.9400281202
2.800,0.3,0.0503196224,0.9402208273
2.810,0.3,0.0498242847,0.9404114261
2.820,0.3,0.0493337855,0.9405999408
2.830,0.3,0.0488480781,0.9407863953
2.840,0.3,0.0483671164,0.9409708133
2.850,0.3,0.0478908547,0.9411532179
2.860,0.3,0.0474192476,0.9413336323
2.870,0.3,0.0469522502,0.9415120792
2.880,0.3,0.0464898180,0.9416885811
2.890,0.3,0.0460319071,0.9418631603
2.900,0.3,0.0455784737,0.9420358386
2.910,0.3,0.0451294747,0.9422066377
2.920,0.3,0.0446848671,0.9423755790
2.930,0.3,0.0442446087,0.9425426837
2.940,0.3,0.0438086574,0.9427079728
2.950,0.3,0.0433769715,0.9428714667
2.960,0.3,0.0429495100,0.9430331860
2.970,0.3,0.0425262318,0.9431931508
2.980,0.3,0.0421070966,0.9433513809
2.990,0.3,0.0416920643,0.9435078961
3.000,0.3,0.0412810952,0.9436627158
3.010,0.3,0.0408741500,0.9438158592
3.020,0.3,0.0404711898,0.9439673453
3.030,0.3,0.0400721761,0.9441171927
3.040,0.3,0.0396770705,0.9442654201
3.050,0.3,0.0392858352,0.9444120457
3.060,0.3,0.0388984329,0.9445570876
3.070,0.3,0.0385148263,0.9447005636
3.080,0.3,0.0381349787,0.9448424914
3.090,0.3,0.0377588536,0.9449828885
3.100,0.3,0.0373864150,0.9451217720
3.110,0.3,0.0370176271,0.9452591591
3.120,0.3,0.0366524546,0.9453950664
3.130,0.3,0.0362908624,0.9455295107
3.140,0.3,0.0359328157,0.9456625083
3.150,0.3,0.0355782801,0.9457940756
3.160,0.3,0.0352272216,0.9459242284
3.170,0.3,0.0348796065,0.9460529827
3.180,0.3,0.0345354013,0.9461803542
3.190,0.3,0.0341945729,0.9463063583
3.200,0.3,0.0338570886,0.9464310103
3.210,0.3,0.0335229158,0.9465543253
3.220,0.3,0.0331920223,0.9466763182
3.230,0.3,0.0328643764,0.9467970039
3.240,0.3,0.0325399465,0.9469163968
3.250,0.3,0.0322187012,0.9470345114
3.260,0.3,0.0319006097,0.9471513620
3.270,0.3,0.0315856413,0.9472669626
3.280,0.3,0.0312737657,0.9473813271
3.290,0.3,0.0309649526,0.9474944693
3.300,0.3,0.0306591725,0.9476064027
3.310,0.3,0.0303563957,0.9477171408
3.320,0.3,0.0300565930,0.9478266969
3.330,0.3,0.0297597355,0.9479350840
3.340,0.3,0.0294657945,0.9480423151
3.350,0.3,0.0291747416,0.9481484031
3.360,0.3,0.0288865488,0.9482533606
3.370,0.3,0.0286011881,0.9483572000
3.380,0.3,0.0283186320,0.9484599339
3.390,0.3,0.0280388531,0.9485615743
3.400,0.3,0.0277618244,0.9486621334
3.410,0.3,0.0274875191,0.9487616230
3.420,0.3,0.0272159107,0.9488600551
3.430,0.3,0.0269469729,0.9489574413
3.440,0.3,0.0266806796,0.9490537931
3.450,0.3,0.0264170051,0.9491491219
3.460,0.3,0.0261559237,0.9492434389
3.470,0.3,0.0258974103,0.9493367553
3.480,0.3,0.0256414398,0.9494290821
3.490,0.3,0.0253879874,0.9495204302
3.500,0.3,0.0251370285,0.9496108103
3.510,0.3,0.0248885387,0.9497002330
3.520,0.3,0.0246424940,0.9497887089
3.530,0.3,0.0243988705,0.9498762484
3.540,0.3,0.0241576446,0.9499628616
3.550,0.3,0.0239187929,0.9500485588
3.560,0.3,0.0236822921,0.9501333499
3.570,0.3,0.0234481194,0.9502172450
3.580,0.3,0.0232162519,0.9503002537
3.590,0.3,0.0229866672,0.9503823858
3.600,0.3,0.0227593429,0.9504636509
3.610,0.3,0.0225342571,0.9505440584
3.620,0.3,0.0223113877,0.9506236176
3.630,0.3,0.0220907131,0.9507023379
3.640,0.3,0.0218722119,0.9507802284
3.650,0.3,0.0216558628,0.9508572981
3.660,0.3,0.0214416448,0.9509335559
3.670,0.3,0.0212295371,0.9510090107
3.680,0.3,0.0210195190,0.9510836713
3.690,0.3,0.0208115700,0.9511575462
3.700,0.3,0.0206056699,0.9512306440
3.710,0.3,0.0204017987,0.9513029732
3.720,0.3,0.0201999366,0.9513745421
3.730,0.3,0.0200000638,0.9514453589
3.740,0.3,0.0198021608,0.9515154318
3.750,0.3,0.0196062085,0.9515847688
3.760,0.3,0.0194121877,0.9516533780
3.770,0.3,0.0192200796,0.9517212672
3.780,0.3,0.0190298652,0.9517884442
3.790,0.3,0.0188415262,0.9518549167
3.800,0.3,0.0186550442,0.9519206923
3.810,0.3,0.0184704009,0.9519857786
3.820,0.3,0.0182875784,0.9520501830
3.830,0.3,0.0181065588,0.9521139129
3.840,0.3,0.0179273244,0.9521769755
3.850,0.3,0.0177498578,0.9522393780
3.860,0.3,0.0175741417,0.9523011277
3.870,0.3,0.0174001587,0.9523622314
3.880,0.3,0.0172278921,0.9524226962
3.890,0.3,0.0170573250,0.9524825289
3.900,0.3,0.0168884406,0.9525417364
3.910,0.3,0.0167212225,0.9526003253
3.920,0.3,0.0165556543,0.9526583023
3.930,0.3,0.0163917199,0.9527156740
3.940,0.3,0.0162294033,0.9527724470
3.950,0.3,0.0160686885,0.9528286275
3.960,0.3,0.0159095599,0.9528842220
3.970,0.3,0.0157520018,0.9529392368
3.980,0.3,0.0155959990,0.9529936781
3.990,0.3,0.0154415360,0.9530475520
4.000,0.3,0.0152885979,0.9531008646
4.010,0.3,0.0151371696,0.9531536219
4.020,0.3,0.0149872362,0.9532058299
4.030,0.3,0.0148387833,0.9532574944
4.040,0.3,0.0146917961,0.9533086213
4.050,0.3,0.0145462603,0.9533592162
4.060,0.3,0.0144021616,0.9534092850
4.070,0.3,0.0142594860,0.9534588331
4.080,0.3,0.0141182195,0.9535078662
4.090,0.3,0.0139783482,0.9535563898
4.100,0.3,0.0138398583,0.9536044092
4.110,0.3,0.0137027364,0.9536519300
4.120,0.3,0.0135669690,0.9536989573
4.130,0.3,0.0134325428,0.9537454964
4.140,0.3,0.0132994446,0.9537915525
4.150,0.3,0.0131676613,0.9538371309
4.160,0.3,0.0130371800,0.9538822365
4.170,0.3,0.0129079880,0.9539268744
4.180,0.3,0.0127800725,0.9539710495
4.190,0.3,0.0126534210,0.9540147668
4.200,0.3,0.0125280211,0.9540580312
4.210,0.3,0.0124038604,0.9541008474
4.220,0.3,0.0122809268,0.9541432202
4.230,0.3,0.0121592082,0.9541851544
4.240,0.3,0.0120386927,0.9542266545
4.250,0.3,0.0119193684,0.9542677251
4.260,0.3,0.0118012236,0.9543083709
4.270,0.3,0.0116842466,0.9543485963
4.280,0.3,0.0115684261,0.9543884058
4.290,0.3,0.0114537506,0.9544278037
4.300,0.3,0.0113402088,0.9544667945
4.310,0.3,0.0112277897,0.9545053824
4.320,0.3,0.0111164821,0.9545435717
4.330,0.3,0.0110062751,0.9545813666
4.340,0.3,0.0108971578,0.9546187713
4.350,0.3,0.0107891196,0.9546557899
4.360,0.3,0.0106821499,0.9546924265
4.370,0.3,0.0105762380,0.9547286850
4.380,0.3,0.0104713736,0.9547645696
4.390,0.3,0.0103675464,0.9548000841
4.400,0.3,0.0102647461,0.9548352324
4.410,0.3,0.0101629626,0.9548700184
4.420,0.3,0.0100621860,0.9549044459
4.430,0.3,0.0099624063,0.9549385188
4.440,0.3,0.0098636137,0.9549722406
4.450,0.3,0.0097657984,0.9550056152
4.460,0.3,0.0096689508,0.9550386461
4.470,0.3,0.0095730615,0.9550713371
4.480,0.3,0.0094781209,0.9551036915
4.490,0.3,0.0093841196,0.9551357131
4.500,0.3,0.0092910486,0.9551674053
4.510,0.3,0.0091988985,0.9551987715
4.520,0.3,0.0091076603,0.9552298152
4.530,0.3,0.0090173250,0.9552605398
4.540,0.3,0.0089278837,0.9552909485
4.550,0.3,0.0088393276,0.9553210448
4.560,0.3,0.0087516480,0.9553508319
4.570,0.3,0.0086648362,0.9553803130
4.580,0.3,0.0085788836,0.9554094914
4.590,0.3,0.0084937819,0.9554383701
4.600,0.3,0.0084095225,0.9554669525
4.610,0.3,0.0083260973,0.9554952414
4.620,0.3,0.0082434979,0.9555232401
4.630,0.3,0.0081617162,0.9555509516
4.640,0.3,0.0080807442,0.9555783788
4.650,0.3,0.0080005738,0.9556055248
4.660,0.3,0.0079211972,0.9556323924
4.670,0.3,0.0078426066,0.9556589846
4.680,0.3,0.0077647941,0.9556853043
4.690,0.3,0.0076877521,0.9557113543
4.700,0.3,0.0076114730,0.9557371374
4.710,0.3,0.0075359492,0.9557626564
4.720,0.3,0.0074611733,0.9557879140
4.730,0.3,0.0073871380,0.9558129131
4.740,0.3,0.0073138359,0.9558376562
4.750,0.3,0.0072412598,0.9558621461
4.760,0.3,0.0071694025,0.9558863854
4.770,0.3,0.0070982569,0.9559103766
4.780,0.3,0.0070278159,0.9559341225
4.790,0.3,0.0069580728,0.9559576255
4.800,0.3,0.0068890204,0.9559808881
4.810,0.3,0.0068206521,0.9560039129
4.820,0.3,0.0067529610,0.9560267024
4.830,0.3,0.0066859406,0.9560492589
4.840,0.3,0.0066195840,0.9560715849
4.850,0.3,0.0065538849,0.9560936829
4.860,0.3,0.0064888367,0.9561155551
4.870,0.3,0.0064244329,0.9561372039
4.880,0.3,0.0063606673,0.9561586317
4.890,0.3,0.0062975335,0.9561798407
4.900,0.3,0.0062350252,0.9562008332
4.910,0.3,0.0061731363,0.9562216114
4.920,0.3,0.0061118607,0.9562421777
4.930,0.3,0.0060511923,0.9562625341
4.940,0.3,0.0059911251,0.9562826828
4.950,0.3,0.0059316532,0.9563026260
4.960,0.3,0.0058727706,0.9563223659
4.970,0.3,0.0058144716,0.9563419045
4.980,0.3,0.0057567504,0.9563612439
4.990,0.3,0.0056996013,0.9563803862
5.000,0.3,0.0056430186,0.9563993334
0.000,0.6,0.7497750884,0.5000000000
0.010,0.6,0.7426722045,0.5053033725
0.020,0.6,0.7356350253,0.5105436373
0.030,0.6,0.7286629661,0.5157215659
0.040,0.6,0.7217554471,0.5208379204
0.050,0.6,0.7149118934,0.5258934532
0.060,0.6,0.7081317346,0.5308889073
0.070,0.6,0.7014144054,0.5358250165
0.080,0.6,0.6947593451,0.5407025051
0.090,0.6,0.6881659975,0.5455220887
0.100,0.6,0.6816338112,0.5502844737
0.110,0.6,0.6751622395,0.5549903577
0.120,0.6,0.6687507402,0.5596404297
0.130,0.6,0.6623987755,0.5642353700
0.140,0.6,0.6561058125,0.5687758503
0.150,0.6,0.6498713223,0.5732625340
0.160,0.6,0.6436947808,0.5776960762
0.170,0.6,0.6375756681,0.5820771238
0.180,0.6,0.6315134689,0.5864063158
0.190,0.6,0.6255076722,0.5906842828
0.200,0.6,0.6195577710,0.5949116479
0.210,0.6,0.6136632630,0.5990890264
0.220,0.6,0.6078236500,0.6032170256
0.230,0.6,0.6020384380,0.6072962457
0.240,0.6,0.5963071371,0.6113272791
0.250,0.6,0.5906292617,0.6153107109
0.260,0.6,0.5850043304,0.6192471188
0.270,0.6,0.5794318657,0.6231370735
0.280,0.6,0.5739113941,0.6269811386
0.290,0.6,0.5684424465,0.6307798703
0.300,0.6,0.5630245574,0.6345338185
0.310,0.6,0.5576572656,0.6382435256
0.320,0.6,0.5523401136,0.6419095278
0.330,0.6,0.5470726479,0.6455323544
0.340,0.6,0.5418544189,0.6491125280
0.350,0.6,0.5366849808,0.6526505649
0.360,0.6,0.5315638917,0.6561469749
0.370,0.6,0.5264907134,0.6596022615
0.380,0.6,0.5214650116,0.6630169220
0.390,0.6,0.5164863556,0.6663914474
0.400,0.6,0.5115543184,0.6697263226
0.410,0.6,0.5066684767,0.6730220267
0.420,0.6,0.5018284110,0.6762790326
0.430,0.6,0.4970337052,0.6794978075
0.440,0.6,0.4922839469,0.6826788128
0.450,0.6,0.4875787273,0.6858225041
0.460,0.6,0.4829176410,0.6889293314
0.470,0.6,0.4783002862,0.6919997392
0.480,0.6,0.4737262646,0.6950341663
0.490,0.6,0.4691951813,0.6980330463
0.500,0.6,0.4647066448,0.7009968072
0.510,0.6,0.4602602671,0.7039258721
0.520,0.6,0.4558556635,0.7068206584
0.530,0.6,0.4514924526,0.7096815785
0.540,0.6,0.4471702564,0.7125090400
0.550,0.6,0.4428887002,0.7153034450
0.560,0.6,0.4386474125,0.7180651910
0.570,0.6,0.4344460251,0.7207946703
0.580,0.6,0.4302841729,0.7234922707
0.590,0.6,0.4261614941,0.7261583748
0.600,0.6,0.4220776300,0.7287933609
0.610,0.6,0.4180322252,0.7313976023
0.620,0.6,0.4140249271,0.7339714680
0.630,0.6,0.4100553865,0.7365153221
0.640,0.6,0.4061232570,0.7390295245
0.650,0.6,0.4022281955,0.7415144306
0.660,0.6,0.3983698616,0.7439703914
0.670,0.6,0.3945479182,0.7463977535
0.680,0.6,0.3907620310,0.7487968594
0.690,0.6,0.3870118686,0.7511680473
0.700,0.6,0.3832971026,0.7535116511
0.710,0.6,0.3796174075,0.7558280010
0.720,0.6,0.3759724606,0.7581174227
0.730,0.6,0.3723619421,0.7603802381
0.740,0.6,0.3687855351,0.7626167651
0.750,0.6,0.3652429252,0.7648273179
0.760,0.6,0.3617338011,0.7670122065
0.770,0.6,0.3582578541,0.7691717373
0.780,0.6,0.3548147784,0.7713062129
0.790,0.6,0.3514042705,0.7734159323
0.800,0.6,0.3480260301,0.7755011907
0.810,0.6,0.3446797592,0.7775622796
0.820,0.6,0.3413651626,0.7795994872
0.830,0.6,0.3380819476,0.7816130979
0.840,0.6,0.3348298243,0.7836033928
0.850,0.6,0.3316085052,0.7855706495
0.860,0.6,0.3284177055,0.7875151422
0.870,0.6,0.3252571426,0.7894371418
0.880,0.6,0.3221265369,0.7913369157
0.890,0.6,0.3190256110,0.7932147282
0.900,0.6,0.3159540899,0.7950708404
0.910,0.6,0.3129117013,0.7969055101
0.920,0.6,0.3098981752,0.7987189921
0.930,0.6,0.3069132439,0.8005115378
0.940,0.6,0.3039566424,0.8022833959
0.950,0.6,0.3010281076,0.8040348118
0.960,0.6,0.2981273793,0.8057660281
0.970,0.6,0.2952541992,0.8074772841
0.980,0.6,0.2924083115,0.8091688167
0.990,0.6,0.2895894626,0.8108408595
1.000,0.6,0.2867974014,0.8124936434
1.010,0.6,0.2840318786,0.8141273964
1.020,0.6,0.2812926477,0.8157423440
1.030,0.6,0.2785794640,0.8173387086
1.040,0.6,0.2758920852,0.8189167101
1.050,0.6,0.2732302709,0.8204765656
1.060,0.6,0.2705937833,0.8220184898
1.070,0.6,0.2679823865,0.8235426946
1.080,0.6,0.2653958465,0.8250493892
1.090,0.6,0.2628339319,0.8265387806
1.100,0.6,0.2602964130,0.8280110730
1.110,0.6,0.2577830622,0.8294664683
1.120,0.6,0.2552936542,0.8309051658
1.130,0.6,0.2528279656,0.8323273625
1.140,0.6,0.2503857749,0.8337332529
1.150,0.6,0.2479668627,0.8351230293
1.160,0.6,0.2455710115,0.8364968816
1.170,0.6,0.2431980061,0.8378549973
1.180,0.6,0.2408476327,0.8391975618
1.190,0.6,0.2385196800,0.8405247581
1.200,0.6,0.2362139381,0.8418367670
1.210,0.6,0.2339301994,0.8431337673
1.220,0.6,0.2316682579,0.8444159354
1.230,0.6,0.2294279097,0.8456834457
1.240,0.6,0.2272089526,0.8469364705
1.250,0.6,0.2250111863,0.8481751799
1.260,0.6,0.2228344123,0.8493997421
1.270,0.6,0.2206784338,0.8506103232
1.280,0.6,0.2185430560,0.8518070872
1.290,0.6,0.2164280858,0.8529901963
1.300,0.6,0.2143333317,0.8541598107
1.310,0.6,0.2122586040,0.8553160884
1.320,0.6,0.2102037150,0.8564591860
1.330,0.6,0.2081684784,0.8575892578
1.340,0.6,0.2061527096,0.8587064563
1.350,0.6,0.2041562259,0.8598109323
1.360,0.6,0.2021788462,0.8609028348
1.370,0.6,0.2002203908,0.8619823108
1.380,0.6,0.1982806819,0.8630495058
1.390,0.6,0.1963595434,0.8641045632
1.400,0.6,0.1944568005,0.8651476251
1.410,0.6,0.1925722803,0.8661788316
1.420,0.6,0.1907058113,0.8671983211
1.430,0.6,0.1888572236,0.8682062306
1.440,0.6,0.1870263490,0.8692026952
1.450,0.6,0.1852130205,0.8701878484
1.460,0.6,0.1834170730,0.8711618222
1.470,0.6,0.1816383427,0.8721247471
1.480,0.6,0.1798766673,0.8730767518
1.490,0.6,0.1781318862,0.8740179636
1.500,0.6,0.1764038401,0.8749485082
1.510,0.6,0.1746923711,0.8758685099
1.520,0.6,0.1729973228,0.8767780915
1.530,0.6,0.1713185404,0.8776773742
1.540,0.6,0.1696558704,0.8785664778
1.550,0.6,0.1680091606,0.8794455207
1.560,0.6,0.1663782603,0.8803146200
1.570,0.6,0.1647630203,0.8811738912
1.580,0.6,0.1631632926,0.8820234485
1.590,0.6,0.1615789307,0.8828634048
1.600,0.6,0.1600097892,0.8836938715
1.610,0.6,0.1584557244,0.8845149588
1.620,0.6,0.1569165937,0.8853267756
1.630,0.6,0.1553922559,0.8861294293
1.640,0.6,0.1538825709,0.8869230263
1.650,0.6,0.1523874003,0.8877076715
1.660,0.6,0.1509066065,0.8884834687
1.670,0.6,0.1494400535,0.8892505204
1.680,0.6,0.1479876065,0.8900089279
1.690,0.6,0.1465491318,0.8907587912
1.700,0.6,0.1451244972,0.8915002093
1.710,0.6,0.1437135714,0.8922332798
1.720,0.6,0.1423162245,0.8929580994
1.730,0.6,0.1409323280,0.8936747633
1.740,0.6,0.1395617541,0.8943833660
1.750,0.6,0.1382043766,0.8950840004
1.760,0.6,0.1368600703,0.8957767588
1.770,0.6,0.1355287111,0.8964617319
1.780,0.6,0.1342101763,0.8971390097
1.790,0.6,0.1329043440,0.8978086810
1.800,0.6,0.1316110938,0.8984708335
1.810,0.6,0.1303303061,0.8991255539
1.820,0.6,0.1290618625,0.8997729279
1.830,0.6,0.1278056458,0.9004130402
1.840,0.6,0.1265615398,0.9010459744
1.850,0.6,0.1253294295,0.9016718132
1.860,0.6,0.1241092007,0.9022906383
1.870,0.6,0.1229007405,0.9029025304
1.880,0.6,0.1217039371,0.9035075693
1.890,0.6,0.1205186794,0.9041058338
1.900,0.6,0.1193448578,0.9046974017
1.910,0.6,0.1181823633,0.9052823502
1.920,0.6,0.1170310882,0.9058607551
1.930,0.6,0.1158909256,0.9064326917
1.940,0.6,0.1147617698,0.9069982343
1.950,0.6,0.1136435159,0.9075574562
1.960,0.6,0.1125360601,0.9081104300
1.970,0.6,0.1114392995,0.9086572274
1.980,0.6,0.1103531323,0.9091979191
1.990,0.6,0.1092774573,0.9097325753
2.000,0.6,0.1082121747,0.9102612650
2.010,0.6,0.1071571854,0.9107840566
2.020,0.6,0.1061123911,0.9113010176
2.030,0.6,0.1050776947,0.9118122149
2.040,0.6,0.1040529997,0.9123177144
2.050,0.6,0.1030382109,0.9128175813
2.060,0.6,0.1020332336,0.9133118799
2.070,0.6,0.1010379742,0.9138006741
2.080,0.6,0.1000523399,0.9142840266
2.090,0.6,0.0990762388,0.9147619997
2.100,0.6,0.0981095799,0.9152346548
2.110,0.6,0.0971522729,0.9157020527
2.120,0.6,0.0962042285,0.9161642533
2.130,0.6,0.0952653582,0.9166213161
2.140,0.6,0.0943355744,0.9170732995
2.150,0.6,0.0934147901,0.9175202616
2.160,0.6,0.0925029193,0.9179622595
2.170,0.6,0.0915998768,0.9183993499
2.180,0.6,0.0907055782,0.9188315886
2.190,0.6,0.0898199397,0.9192590310
2.200,0.6,0.0889428786,0.9196817316
2.210,0.6,0.0880743127,0.9200997445
2.220,0.6,0.0872141608,0.9205131229
2.230,0.6,0.0863623423,0.9209219196
2.240,0.6,0.0855187774,0.9213261866
2.250,0.6,0.0846833871,0.9217259756
2.260,0.6,0.0838560931,0.9221213373
2.270,0.6,0.0830368178,0.9225123221
2.280,0.6,0.0822254844,0.9228989796
2.290,0.6,0.0814220168,0.9232813591
2.300,0.6,0.0806263396,0.9236595090
2.310,0.6,0.0798383782,0.9240334774
2.320,0.6,0.0790580585,0.9244033116
2.330,0.6,0.0782853073,0.9247690586
2.340,0.6,0.0775200521,0.9251307648
2.350,0.6,0.0767622208,0.9254884758
2.360,0.6,0.0760117423,0.9258422369
2.370,0.6,0.0752685460,0.9261920929
2.380,0.6,0.0745325621,0.9265380880
2.390,0.6,0.0738037213,0.9268802659
2.400,0.6,0.0730819550,0.9272186698
2.410,0.6,0.0723671953,0.9275533423
2.420,0.6,0.0716593750,0.9278843256
2.430,0.6,0.0709584274,0.9282116616
2.440,0.6,0.0702642865,0.9285353912
2.450,0.6,0.0695768868,0.9288555554
2.460,0.6,0.0688961636,0.9291721943
2.470,0.6,0.0682220528,0.9294853479
2.480,0.6,0.0675544908,0.9297950553
2.490,0.6,0.0668934145,0.9301013554
2.500,0.6,0.0662387618,0.9304042868
2.510,0.6,0.0655904708,0.9307038874
2.520,0.6,0.0649484802,0.9310001947
2.530,0.6,0.0643127296,0.9312932459
2.540,0.6,0.0636831589,0.9315830776
2.550,0.6,0.0630597086,0.9318697260
2.560,0.6,0.0624423198,0.9321532271
2.570,0.6,0.0618309342,0.9324336162
2.580,0.6,0.0612254940,0.9327109283
2.590,0.6,0.0606259419,0.9329851981
2.600,0.6,0.0600322213,0.9332564598
2.610,0.6,0.0594442760,0.9335247471
2.620,0.6,0.0588620504,0.9337900935
2.630,0.6,0.0582854894,0.9340525320
2.640,0.6,0.0577145383,0.9343120954
2.650,0.6,0.0571491432,0.9345688157
2.660,0.6,0.0565892506,0.9348227251
2.670,0.6,0.0560348072,0.9350738549
2.680,0.6,0.0554857607,0.9353222365
2.690,0.6,0.0549420591,0.9355679005
2.700,0.6,0.0544036507,0.9358108774
2.710,0.6,0.0538704845,0.9360511975
2.720,0.6,0.0533425099,0.9362888903
2.730,0.6,0.0528196770,0.9365239855
2.740,0.6,0.0523019360,0.9367565119
2.750,0.6,0.0517892379,0.9369864984
2.760,0.6,0.0512815339,0.9372139734
2.770,0.6,0.0507787759,0.9374389650
2.780,0.6,0.0502809162,0.9376615010
2.790,0.6,0.0497879074,0.9378816088
2.800,0.6,0.0492997027,0.9380993155
2.810,0.6,0.0488162557,0.9383146480
2.820,0.6,0.0483375204,0.9385276327
2.830,0.6,0.0478634515,0.9387382960
2.840,0.6,0.0473940037,0.9389466637
2.850,0.6,0.0469291324,0.9391527613
2.860,0.6,0.0464687934,0.9393566144
2.870,0.6,0.0460129430,0.9395582478
2.880,0.6,0.0455615376,0.9397576863
2.890,0.6,0.0451145344,0.9399549544
2.900,0.6,0.0446718908,0.9401500762
2.910,0.6,0.0442335646,0.9403430757
2.920,0.6,0.0437995142,0.9405339766
2.930,0.6,0.0433696980,0.9407228020
2.940,0.6,0.0429440753,0.9409095753
2.950,0.6,0.0425226053,0.9410943191
2.960,0.6,0.0421052480,0.9412770560
2.970,0.6,0.0416919635,0.9414578085
2.980,0.6,0.0412827125,0.9416365984
2.990,0.6,0.0408774558,0.9418134477
3.000,0.6,0.0404761549,0.9419883779
3.010,0.6,0.0400787714,0.9421614102
3.020,0.6,0.0396852673,0.9423325659
3.030,0.6,0.0392956053,0.9425018656
3.040,0.6,0.0389097479,0.9426693301
3.050,0.6,0.0385276585,0.9428349795
3.060,0.6,0.0381493004,0.9429988342
3.070,0.6,0.0377746375,0.9431609139
3.080,0.6,0.0374036341,0.9433212384
3.090,0.6,0.0370362547,0.9434798271
3.100,0.6,0.0366724641,0.9436366991
3.110,0.6,0.0363122276,0.9437918736
3.120,0.6,0.0359555107,0.9439453693
3.130,0.6,0.0356022793,0.9440972048
3.140,0.6,0.0352524996,0.9442473985
3.150,0.6,0.0349061381,0.9443959684
3.160,0.6,0.0345631618,0.9445429327
3.170,0.6,0.0342235377,0.9446883089
3.180,0.6,0.0338872333,0.9448321147
3.190,0.6,0.0335542165,0.9449743675
3.200,0.6,0.0332244553,0.9451150842
3.210,0.6,0.0328979182,0.9452542821
3.220,0.6,0.0325745738,0.9453919777
3.230,0.6,0.0322543912,0.9455281876
3.240,0.6,0.0319373398,0.9456629284
3.250,0.6,0.0316233890,0.9457962161
3.260,0.6,0.0313125088,0.9459280667
3.270,0.6,0.0310046694,0.9460584962
3.280,0.6,0.0306998413,0.9461875202
3.290,0.6,0.0303979952,0.9463151541
3.300,0.6,0.0300991022,0.9464414133
3.310,0.6,0.0298031335,0.9465663129
3.320,0.6,0.0295100608,0.9466898678
3.330,0.6,0.0292198559,0.9468120929
3.340,0.6,0.0289324910,0.9469330028
3.350,0.6,0.0286479385,0.9470526120
3.360,0.6,0.0283661710,0.9471709347
3.370,0.6,0.0280871615,0.9472879851
3.380,0.6,0.0278108832,0.9474037772
3.390,0.6,0.0275373094,0.9475183248
3.400,0.6,0.0272664140,0.9476316416
3.410,0.6,0.0269981709,0.9477437410
3.420,0.6,0.0267325543,0.9478546364
3.430,0.6,0.0264695386,0.9479643412
3.440,0.6,0.0262090986,0.9480728682
3.450,0.6,0.0259512091,0.9481802304
3.460,0.6,0.0256958455,0.9482864407
3.470,0.6,0.0254429831,0.9483915115
3.480,0.6,0.0251925975,0.9484954555
3.490,0.6,0.0249446648,0.9485982849
3.500,0.6,0.0246991609,0.9487000120
3.510,0.6,0.0244560623,0.9488006488
3.520,0.6,0.0242153456,0.9489002073
3.530,0.6,0.0239769876,0.9489986992
3.540,0.6,0.0237409652,0.9490961363
3.550,0.6,0.0235072559,0.9491925300
3.560,0.6,0.0232758370,0.9492878919
3.570,0.6,0.0230466862,0.9493822330
3.580,0.6,0.0228197815,0.9494755647
3.590,0.6,0.0225951010,0.9495678979
3.600,0.6,0.0223726230,0.9496592435
3.610,0.6,0.0221523260,0.9497496124
3.620,0.6,0.0219341889,0.9498390152
3.630,0.6,0.0217181906,0.9499274623
3.640,0.6,0.0215043102,0.9500149644
3.650,0.6,0.0212925270,0.9501015316
3.660,0.6,0.0210828208,0.9501871742
3.670,0.6,0.0208751711,0.9502719022
3.680,0.6,0.0206695580,0.9503557256
3.690,0.6,0.0204659617,0.9504386543
3.700,0.6,0.0202643623,0.9505206979
3.710,0.6,0.0200647406,0.9506018663
3.720,0.6,0.0198670771,0.9506821688
3.730,0.6,0.0196713529,0.9507616149
3.740,0.6,0.0194775489,0.9508402139
3.750,0.6,0.0192856465,0.9509179751
3.760,0.6,0.0190956271,0.9509949075
3.770,0.6,0.0189074724,0.9510710202
3.780,0.6,0.0187211641,0.9511463220
3.790,0.6,0.0185366843,0.9512208219
3.800,0.6,0.0183540150,0.9512945284
3.810,0.6,0.0181731387,0.9513674502
3.820,0.6,0.0179940378,0.9514395959
3.830,0.6,0.0178166950,0.9515109738
3.840,0.6,0.0176410931,0.9515815923
3.850,0.6,0.0174672152,0.9516514597
3.860,0.6,0.0172950445,0.9517205840
3.870,0.6,0.0171245641,0.9517889733
3.880,0.6,0.0169557578,0.9518566357
3.890,0.6,0.0167886090,0.9519235790
3.900,0.6,0.0166231016,0.9519898109
3.910,0.6,0.0164592197,0.9520553392
3.920,0.6,0.0162969472,0.9521201716
3.930,0.6,0.0161362686,0.9521843155
3.940,0.6,0.0159771681,0.9522477783
3.950,0.6,0.0158196305,0.9523105676
3.960,0.6,0.0156636404,0.9523726905
3.970,0.6,0.0155091827,0.9524341542
3.980,0.6,0.0153562424,0.9524949660
3.990,0.6,0.0152048048,0.9525551328
4.000,0.6,0.0150548551,0.9526146616
4.010,0.6,0.0149063788,0.9526735593
4.020,0.6,0.0147593615,0.9527318328
4.030,0.6,0.0146137889,0.9527894887
4.040,0.6,0.0144696469,0.9528465338
4.050,0.6,0.0143269215,0.9529029746
4.060,0.6,0.0141855988,0.9529588177
4.070,0.6,0.0140456653,0.9530140694
4.080,0.6,0.0139071071,0.9530687363
4.090,0.6,0.0137699110,0.9531228245
4.100,0.6,0.0136340636,0.9531763404
4.110,0.6,0.0134995517,0.9532292901
4.120,0.6,0.0133663622,0.9532816797
4.130,0.6,0.0132344823,0.9533335152
4.140,0.6,0.0131038990,0.9533848026
4.150,0.6,0.0129745997,0.9534355479
4.160,0.6,0.0128465719,0.9534857568
4.170,0.6,0.0127198030,0.9535354351
4.180,0.6,0.0125942809,0.9535845886
4.190,0.6,0.0124699932,0.9536332228
4.200,0.6,0.0123469279,0.9536813435
4.210,0.6,0.0122250731,0.9537289560
4.220,0.6,0.0121044168,0.9537760658
4.230,0.6,0.0119849474,0.9538226784
4.240,0.6,0.0118666533,0.9538687992
4.250,0.6,0.0117495228,0.9539144333
4.260,0.6,0.0116335447,0.9539595860
4.270,0.6,0.0115187077,0.9540042625
4.280,0.6,0.0114050005,0.9540484679
4.290,0.6,0.0112924121,0.9540922072
4.300,0.6,0.0111809316,0.9541354855
4.310,0.6,0.0110705481,0.9541783077
4.320,0.6,0.0109612508,0.9542206787
4.330,0.6,0.0108530292,0.9542626034
4.340,0.6,0.0107458726,0.9543040864
4.350,0.6,0.0106397707,0.9543451326
4.360,0.6,0.0105347131,0.9543857466
4.370,0.6,0.0104306896,0.9544259331
4.380,0.6,0.0103276900,0.9544656967
4.390,0.6,0.0102257044,0.9545050418
4.400,0.6,0.0101247227,0.9545439729
4.410,0.6,0.0100247352,0.9545824946
4.420,0.6,0.0099257320,0.9546206111
4.430,0.6,0.0098277036,0.9546583268
4.440,0.6,0.0097306404,0.9546956460
4.450,0.6,0.0096345329,0.9547325729
4.460,0.6,0.0095393718,0.9547691118
4.470,0.6,0.0094451478,0.9548052667
4.480,0.6,0.0093518516,0.9548410418
4.490,0.6,0.0092594743,0.9548764412
4.500,0.6,0.0091680067,0.9549114687
4.510,0.6,0.0090774400,0.9549461285
4.520,0.6,0.0089877653,0.9549804245
4.530,0.6,0.0088989739,0.9550143604
4.540,0.6,0.0088110571,0.9550479403
4.550,0.6,0.0087240064,0.9550811678
4.560,0.6,0.0086378132,0.9551140467
4.570,0.6,0.0085524691,0.9551465808
4.580,0.6,0.0084679658,0.9551787738
4.590,0.6,0.0083842951,0.9552106291
4.600,0.6,0.0083014487,0.9552421506
4.610,0.6,0.0082194186,0.9552733416
4.620,0.6,0.0081381968,0.9553042058
4.630,0.6,0.0080577754,0.9553347467
4.640,0.6,0.0079781464,0.9553649675
4.650,0.6,0.0078993022,0.9553948719
4.660,0.6,0.0078212349,0.9554244631
4.670,0.6,0.0077439371,0.9554537445
4.680,0.6,0.0076674011,0.9554827193
4.690,0.6,0.0075916194,0.9555113909
4.700,0.6,0.0075165847,0.9555397624
4.710,0.6,0.0074422896,0.9555678371
4.720,0.6,0.0073687268,0.9555956181
4.730,0.6,0.0072958892,0.9556231085
4.740,0.6,0.0072237697,0.9556503114
4.750,0.6,0.0071523611,0.9556772299
4.760,0.6,0.0070816565,0.9557038670
4.770,0.6,0.0070116490,0.9557302257
4.780,0.6,0.0069423318,0.9557563089
4.790,0.6,0.0068736980,0.9557821196
4.800,0.6,0.0068057410,0.9558076606
4.810,0.6,0.0067384541,0.9558329348
4.820,0.6,0.0066718307,0.9558579451
4.830,0.6,0.0066058643,0.9558826942
4.840,0.6,0.0065405485,0.9559071849
4.850,0.6,0.0064758768,0.9559314200
4.860,0.6,0.0064118429,0.9559554021
4.870,0.6,0.0063484406,0.9559791340
4.880,0.6,0.0062856636,0.9560026183
4.890,0.6,0.0062235059,0.9560258576
4.900,0.6,0.0061619612,0.9560488545
4.910,0.6,0.0061010237,0.9560716116
4.920,0.6,0.0060406873,0.9560941314
4.930,0.6,0.0059809461,0.9561164164
4.940,0.6,0.0059217942,0.9561384692
4.950,0.6,0.0058632259,0.9561602921
4.960,0.6,0.0058052355,0.9561818876
4.970,0.6,0.0057478172,0.9562032582
4.980,0.6,0.0056909655,0.9562244061
4.990,0.6,0.0056346747,0.9562453338
5.000,0.6,0.0055789393,0.9562660435
0.000,0.9,0.7497750884,0.5000000000
0.010,0.9,0.7424042114,0.5047459263
0.020,0.9,0.7351056967,0.5094425931
0.030,0.9,0.7278788349,0.5140905126
0.040,0.9,0.7207229237,0.5186901921
0.050,0.9,0.7136372676,0.5232421333
0.060,0.9,0.7066211778,0.5277468328
0.070,0.9,0.6996739726,0.5322047819
0.080,0.9,0.6927949764,0.5366164669
0.090,0.9,0.6859835208,0.5409823691
0.100,0.9,0.6792389436,0.5453029645
0.110,0.9,0.6725605892,0.5495787244
0.120,0.9,0.6659478082,0.5538101152
0.130,0.9,0.6593999580,0.5579975982
0.140,0.9,0.6529164018,0.5621416301
0.150,0.9,0.6464965093,0.5662426627
0.160,0.9,0.6401396563,0.5703011433
0.170,0.9,0.6338452249,0.5743175143
0.180,0.9,0.6276126029,0.5782922136
0.190,0.9,0.6214411843,0.5822256745
0.200,0.9,0.6153303691,0.5861183259
0.210,0.9,0.6092795629,0.5899705921
0.220,0.9,0.6032881774,0.5937828930
0.230,0.9,0.5973556300,0.5975556441
0.240,0.9,0.5914813437,0.6012892567
0.250,0.9,0.5856647472,0.6049841377
0.260,0.9,0.5799052747,0.6086406898
0.270,0.9,0.5742023662,0.6122593115
0.280,0.9,0.5685554669,0.6158403970
0.290,0.9,0.5629640277,0.6193843368
0.300,0.9,0.5574275045,0.6228915168
0.310,0.9,0.5519453589,0.6263623192
0.320,0.9,0.5465170576,0.6297971223
0.330,0.9,0.5411420725,0.6331963002
0.340,0.9,0.5358198807,0.6365602233
0.350,0.9,0.5305499645,0.6398892580
0.360,0.9,0.5253318112,0.6431837669
0.370,0.9,0.5201649130,0.6464441089
0.380,0.9,0.5150487673,0.6496706392
0.390,0.9,0.5099828764,0.6528637092
0.400,0.9,0.5049667472,0.6560236666
0.410,0.9,0.4999998917,0.6591508556
0.420,0.9,0.4950818266,0.6622456167
0.430,0.9,0.4902120733,0.6653082871
0.440,0.9,0.4853901579,0.6683392000
0.450,0.9,0.4806156112,0.6713386857
0.460,0.9,0.4758879686,0.6743070707
0.470,0.9,0.4712067698,0.6772446782
0.480,0.9,0.4665715595,0.6801518279
0.490,0.9,0.4619818863,0.6830288365
0.500,0.9,0.4574373036,0.6858760170
0.510,0.9,0.4529373690,0.6886936795
0.520,0.9,0.4484816446,0.6914821306
0.530,0.9,0.4440696967,0.6942416739
0.540,0.9,0.4397010956,0.6969726097
0.550,0.9,0.4353754163,0.6996752352
0.560,0.9,0.4310922375,0.7023498445
0.570,0.9,0.4268511424,0.7049967288
0.580,0.9,0.4226517180,0.7076161760
0.590,0.9,0.4184935555,0.7102084713
0.600,0.9,0.4143762500,0.7127738966
0.610,0.9,0.4102994007,0.7153127311
0.620,0.9,0.4062626106,0.7178252511
0.630,0.9,0.4022654867,0.7203117298
0.640,0.9,0.3983076397,0.7227724379
0.650,0.9,0.3943886843,0.7252076429
0.660,0.9,0.3905082388,0.7276176098
0.670,0.9,0.3866659254,0.7300026007
0.680,0.9,0.3828613699,0.7323628750
0.690,0.9,0.3790942017,0.7346986896
0.700,0.9,0.3753640540,0.7370102983
0.710,0.9,0.3716705634,0.7392979526
0.720,0.9,0.3680133704,0.7415619012
0.730,0.9,0.3643921186,0.7438023905
0.740,0.9,0.3608064553,0.7460196639
0.750,0.9,0.3572560313,0.7482139627
0.760,0.9,0.3537405007,0.7503855253
0.770,0.9,0.3502595211,0.7525345879
0.780,0.9,0.3468127534,0.7546613841
0.790,0.9,0.3433998619,0.7567661451
0.800,0.9,0.3400205140,0.7588490998
0.810,0.9,0.3366743805,0.7609104746
0.820,0.9,0.3333611354,0.7629504934
0.830,0.9,0.3300804559,0.7649693782
0.840,0.9,0.3268320225,0.7669673482
0.850,0.9,0.3236155185,0.7689446207
0.860,0.9,0.3204306306,0.7709014106
0.870,0.9,0.3172770484,0.7728379304
0.880,0.9,0.3141544646,0.7747543906
0.890,0.9,0.3110625751,0.7766509995
0.900,0.9,0.3080010784,0.7785279632
0.910,0.9,0.3049696762,0.7803854855
0.920,0.9,0.3019680731,0.7822237683
0.930,0.9,0.2989959767,0.7840430114
0.940,0.9,0.2960530971,0.7858434123
0.950,0.9,0.2931391476,0.7876251667
0.960,0.9,0.2902538442,0.7893884680
0.970,0.9,0.2873969057,0.7911335079
0.980,0.9,0.2845680536,0.7928604758
0.990,0.9,0.2817670121,0.7945695593
1.000,0.9,0.2789935083,0.7962609441
1.010,0.9,0.2762472718,0.7979348139
1.020,0.9,0.2735280348,0.7995913503
1.030,0.9,0.2708355322,0.8012307333
1.040,0.9,0.2681695017,0.8028531410
1.050,0.9,0.2655296832,0.8044587495
1.060,0.9,0.2629158195,0.8060477330
1.070,0.9,0.2603276556,0.8076202642
1.080,0.9,0.2577649393,0.8091765137
1.090,0.9,0.2552274206,0.8107166505
1.100,0.9,0.2527148521,0.8122408419
1.110,0.9,0.2502269889,0.8137492531
1.120,0.9,0.2477635884,0.8152420481
1.130,0.9,0.2453244102,0.8167193887
1.140,0.9,0.2429092167,0.8181814355
1.150,0.9,0.2405177722,0.8196283469
1.160,0.9,0.2381498436,0.8210602801
1.170,0.9,0.2358051999,0.8224773904
1.180,0.9,0.2334836124,0.8238798317
1.190,0.9,0.2311848548,0.8252677561
1.200,0.9,0.2289087027,0.8266413142
1.210,0.9,0.2266549343,0.8280006550
1.220,0.9,0.2244233297,0.8293459261
1.230,0.9,0.2222136712,0.8306772733
1.240,0.9,0.2200257433,0.8319948411
1.250,0.9,0.2178593325,0.8332987725
1.260,0.9,0.2157142275,0.8345892088
1.270,0.9,0.2135902191,0.8358662901
1.280,0.9,0.2114871001,0.8371301549
1.290,0.9,0.2094046653,0.8383809402
1.300,0.9,0.2073427115,0.8396187817
1.310,0.9,0.2053010375,0.8408438136
1.320,0.9,0.2032794442,0.8420561689
1.330,0.9,0.2012777344,0.8432559789
1.340,0.9,0.1992957126,0.8444433737
1.350,0.9,0.1973331856,0.8456184822
1.360,0.9,0.1953899618,0.8467814317
1.370,0.9,0.1934658515,0.8479323484
1.380,0.9,0.1915606672,0.8490713569
1.390,0.9,0.1896742227,0.8501985808
1.400,0.9,0.1878063342,0.8513141422
1.410,0.9,0.1859568191,0.8524181621
1.420,0.9,0.1841254971,0.8535107602
1.430,0.9,0.1823121895,0.8545920549
1.440,0.9,0.1805167192,0.8556621633
1.450,0.9,0.1787389110,0.8567212015
1.460,0.9,0.1769785915,0.8577692843
1.470,0.9,0.1752355887,0.8588065251
1.480,0.9,0.1735097325,0.8598330365
1.490,0.9,0.1718008546,0.8608489296
1.500,0.9,0.1701087880,0.8618543145
1.510,0.9,0.1684333676,0.8628493002
1.520,0.9,0.1667744299,0.8638339944
1.530,0.9,0.1651318129,0.8648085039
1.540,0.9,0.1635053562,0.8657729341
1.550,0.9,0.1618949011,0.8667273897
1.560,0.9,0.1603002904,0.8676719739
1.570,0.9,0.1587213683,0.8686067891
1.580,0.9,0.1571579806,0.8695319366
1.590,0.9,0.1556099749,0.8704475165
1.600,0.9,0.1540771998,0.8713536280
1.610,0.9,0.1525595057,0.8722503692
1.620,0.9,0.1510567445,0.8731378373
1.630,0.9,0.1495687694,0.8740161283
1.640,0.9,0.1480954351,0.8748853374
1.650,0.9,0.1466365977,0.8757455587
1.660,0.9,0.1451921148,0.8765968853
1.670,0.9,0.1437618452,0.8774394094
1.680,0.9,0.1423456494,0.8782732221
1.690,0.9,0.1409433890,0.8790984139
1.700,0.9,0.1395549270,0.8799150739
1.710,0.9,0.1381801278,0.8807232906
1.720,0.9,0.1368188573,0.8815231515
1.730,0.9,0.1354709823,0.8823147432
1.740,0.9,0.1341363712,0.8830981513
1.750,0.9,0.1328148938,0.8838734606
1.760,0.9,0.1315064208,0.8846407551
1.770,0.9,0.1302108245,0.8854001178
1.780,0.9,0.1289279784,0.8861516307
1.790,0.9,0.1276577570,0.8868953754
1.800,0.9,0.1264000364,0.8876314321
1.810,0.9,0.1251546935,0.8883598807
1.820,0.9,0.1239216069,0.8890807998
1.830,0.9,0.1227006559,0.8897942676
1.840,0.9,0.1214917214,0.8905003611
1.850,0.9,0.1202946851,0.8911991567
1.860,0.9,0.1191094302,0.8918907301
1.870,0.9,0.1179358408,0.8925751561
1.880,0.9,0.1167738022,0.8932525086
1.890,0.9,0.1156232009,0.8939228610
1.900,0.9,0.1144839245,0.8945862858
1.910,0.9,0.1133558617,0.8952428546
1.920,0.9,0.1122389021,0.8958926385
1.930,0.9,0.1111329367,0.8965357078
1.940,0.9,0.1100378573,0.8971721321
1.950,0.9,0.1089535570,0.8978019800
1.960,0.9,0.1078799297,0.8984253197
1.970,0.9,0.1068168706,0.8990422187
1.980,0.9,0.1057642757,0.8996527436
1.990,0.9,0.1047220421,0.9002569604
2.000,0.9,0.1036900681,0.9008549344
2.010,0.9,0.1026682526,0.9014467303
2.020,0.9,0.1016564959,0.9020324121
2.030,0.9,0.1006546990,0.9026120430
2.040,0.9,0.0996627641,0.9031856857
2.050,0.9,0.0986805940,0.9037534022
2.060,0.9,0.0977080929,0.9043152538
2.070,0.9,0.0967451657,0.9048713013
2.080,0.9,0.0957917182,0.9054216048
2.090,0.9,0.0948476571,0.9059662237
2.100,0.9,0.0939128903,0.9065052169
2.110,0.9,0.0929873263,0.9070386426
2.120,0.9,0.0920708746,0.9075665585
2.130,0.9,0.0911634456,0.9080890215
2.140,0.9,0.0902649506,0.9086060882
2.150,0.9,0.0893753017,0.9091178143
2.160,0.9,0.0884944120,0.9096242552
2.170,0.9,0.0876221953,0.9101254656
2.180,0.9,0.0867585663,0.9106214996
2.190,0.9,0.0859034405,0.9111124107
2.200,0.9,0.0850567344,0.9115982521
2.210,0.9,0.0842183651,0.9120790761
2.220,0.9,0.0833882507,0.9125549348
2.230,0.9,0.0825663099,0.9130258794
2.240,0.9,0.0817524623,0.9134919609
2.250,0.9,0.0809466285,0.9139532296
2.260,0.9,0.0801487295,0.9144097352
2.270,0.9,0.0793586873,0.9148615271
2.280,0.9,0.0785764247,0.9153086540
2.290,0.9,0.0778018651,0.9157511643
2.300,0.9,0.0770349327,0.9161891056
2.310,0.9,0.0762755526,0.9166225253
2.320,0.9,0.0755236504,0.9170514702
2.330,0.9,0.0747791526,0.9174759865
2.340,0.9,0.0740419864,0.9178961201
2.350,0.9,0.0733120797,0.9183119163
2.360,0.9,0.0725893610,0.9187234200
2.370,0.9,0.0718737597,0.9191306755
2.380,0.9,0.0711652056,0.9195337270
2.390,0.9,0.0704636296,0.9199326178
2.400,0.9,0.0697689630,0.9203273909
2.410,0.9,0.0690811377,0.9207180891
2.420,0.9,0.0684000866,0.9211047544
2.430,0.9,0.0677257429,0.9214874285
2.440,0.9,0.0670580407,0.9218661528
2.450,0.9,0.0663969146,0.9222409681
2.460,0.9,0.0657423000,0.9226119148
2.470,0.9,0.0650941327,0.9229790329
2.480,0.9,0.0644523494,0.9233423621
2.490,0.9,0.0638168873,0.9237019416
2.500,0.9,0.0631876841,0.9240578100
2.510,0.9,0.0625646783,0.9244100059
2.520,0.9,0.0619478090,0.9247585671
2.530,0.9,0.0613370156,0.9251035313
2.540,0.9,0.0607322385,0.9254449357
2.550,0.9,0.0601334185,0.9257828170
2.560,0.9,0.0595404970,0.9261172118
2.570,0.9,0.0589534158,0.9264481561
2.580,0.9,0.0583721176,0.9267756855
2.590,0.9,0.0577965455,0.9270998353
2.600,0.9,0.0572266431,0.9274206406
2.610,0.9,0.0566623546,0.9277381359
2.620,0.9,0.0561036248,0.9280523554
2.630,0.9,0.0555503990,0.9283633330
2.640,0.9,0.0550026230,0.9286711022
2.650,0.9,0.0544602432,0.9289756962
2.660,0.9,0.0539232065,0.9292771479
2.670,0.9,0.0533914603,0.9295754896
2.680,0.9,0.0528649527,0.9298707535
2.690,0.9,0.0523436319,0.9301629716
2.700,0.9,0.0518274470,0.9304521752
2.710,0.9,0.0513163474,0.9307383955
2.720,0.9,0.0508102831,0.9310216634
2.730,0.9,0.0503092046,0.9313020094
2.740,0.9,0.0498130627,0.9315794636
2.750,0.9,0.0493218090,0.9318540560
2.760,0.9,0.0488353952,0.9321258162
2.770,0.9,0.0483537737,0.9323947735
2.780,0.9,0.0478768975,0.9326609567
2.790,0.9,0.0474047197,0.9329243947
2.800,0.9,0.0469371941,0.9331851156
2.810,0.9,0.0464742751,0.9334431477
2.820,0.9,0.0460159171,0.9336985188
2.830,0.9,0.0455620754,0.9339512563
2.840,0.9,0.0451127054,0.9342013874
2.850,0.9,0.0446677632,0.9344489391
2.860,0.9,0.0442272052,0.9346939380
2.870,0.9,0.0437909882,0.9349364106
2.880,0.9,0.0433590695,0.9351763828
2.890,0.9,0.0429314068,0.9354138807
2.900,0.9,0.0425079583,0.9356489296
2.910,0.9,0.0420886823,0.9358815551
2.920,0.9,0.0416735379,0.9361117819
2.930,0.9,0.0412624843,0.9363396351
2.940,0.9,0.0408554814,0.9365651390
2.950,0.9,0.0404524892,0.9367883180
2.960,0.9,0.0400534683,0.9370091961
2.970,0.9,0.0396583796,0.9372277970
2.980,0.9,0.0392671843,0.9374441443
2.990,0.9,0.0388798441,0.9376582613
3.000,0.9,0.0384963211,0.9378701710
3.010,0.9,0.0381165777,0.9380798962
3.020,0.9,0.0377405767,0.9382874594
3.030,0.9,0.0373682813,0.9384928831
3.040,0.9,0.0369996549,0.9386961892
3.050,0.9,0.0366346615,0.9388973998
3.060,0.9,0.0362732652,0.9390965364
3.070,0.9,0.0359154308,0.9392936204
3.080,0.9,0.0355611230,0.9394886731
3.090,0.9,0.0352103072,0.9396817155
3.100,0.9,0.0348629490,0.9398727682
3.110,0.9,0.0345190144,0.9400618519
3.120,0.9,0.0341784696,0.9402489869
3.130,0.9,0.0338412813,0.9404341932
3.140,0.9,0.0335074164,0.9406174909
3.150,0.9,0.0331768423,0.9407988997
3.160,0.9,0.0328495264,0.9409784390
3.170,0.9,0.0325254368,0.9411561282
3.180,0.9,0.0322045416,0.9413319863
3.190,0.9,0.0318868095,0.9415060323
3.200,0.9,0.0315722091,0.9416782849
3.210,0.9,0.0312607099,0.9418487625
3.220,0.9,0.0309522810,0.9420174836
3.230,0.9,0.0306468925,0.9421844663
3.240,0.9,0.0303445143,0.9423497285
3.250,0.9,0.0300451167,0.9425132880
3.260,0.9,0.0297486704,0.9426751623
3.270,0.9,0.0294551464,0.9428353689
3.280,0.9,0.0291645159,0.9429939250
3.290,0.9,0.0288767504,0.9431508476
3.300,0.9,0.0285918216,0.9433061536
3.310,0.9,0.0283097017,0.9434598596
3.320,0.9,0.0280303630,0.9436119823
3.330,0.9,0.0277537780,0.9437625378
3.340,0.9,0.0274799197,0.9439115425
3.350,0.9,0.0272087612,0.9440590123
3.360,0.9,0.0269402760,0.9442049631
3.370,0.9,0.0266744376,0.9443494106
3.380,0.9,0.0264112201,0.9444923701
3.390,0.9,0.0261505976,0.9446338573
3.400,0.9,0.0258925445,0.9447738871
3.410,0.9,0.0256370357,0.9449124747
3.420,0.9,0.0253840459,0.9450496349
3.430,0.9,0.0251335503,0.9451853825
3.440,0.9,0.0248855245,0.9453197321
3.450,0.9,0.0246399441,0.9454526981
3.460,0.9,0.0243967850,0.9455842947
3.470,0.9,0.0241560234,0.9457145362
3.480,0.9,0.0239176356,0.9458434364
3.490,0.9,0.0236815983,0.9459710092
3.500,0.9,0.0234478882,0.9460972684
3.510,0.9,0.0232164826,0.9462222274
3.520,0.9,0.0229873586,0.9463458997
3.530,0.9,0.0227604939,0.9464682986
3.540,0.9,0.0225358661,0.9465894372
3.550,0.9,0.0223134532,0.9467093286
3.560,0.9,0.0220932335,0.9468279855
3.570,0.9,0.0218751852,0.9469454207
3.580,0.9,0.0216592871,0.9470616468
3.590,0.9,0.0214455179,0.9471766764
3.600,0.9,0.0212338566,0.9472905217
3.610,0.9,0.0210242825,0.9474031950
3.620,0.9,0.0208167751,0.9475147083
3.630,0.9,0.0206113139,0.9476250736
3.640,0.9,0.0204078789,0.9477343028
3.650,0.9,0.0202064500,0.9478424076
3.660,0.9,0.0200070075,0.9479493995
3.670,0.9,0.0198095318,0.9480552902
3.680,0.9,0.0196140035,0.9481600908
3.690,0.9,0.0194204035,0.9482638127
3.700,0.9,0.0192287128,0.9483664670
3.710,0.9,0.0190389125,0.9484680647
3.720,0.9,0.0188509840,0.9485686167
3.730,0.9,0.0186649089,0.9486681338
3.740,0.9,0.0184806689,0.9487666267
3.750,0.9,0.0182982460,0.9488641059
3.760,0.9,0.0181176222,0.9489605818
3.770,0.9,0.0179387798,0.9490560649
3.780,0.9,0.0177617013,0.9491505654
3.790,0.9,0.0175863692,0.9492440933
3.800,0.9,0.0174127665,0.9493366588
3.810,0.9,0.0172408759,0.9494282717
3.820,0.9,0.0170706807,0.9495189420
3.830,0.9,0.0169021642,0.9496086792
3.840,0.9,0.0167353097,0.9496974930
3.850,0.9,0.0165701010,0.9497853929
3.860,0.9,0.0164065219,0.9498723885
3.870,0.9,0.0162445561,0.9499584889
3.880,0.9,0.0160841880,0.9500437034
3.890,0.9,0.0159254017,0.9501280412
3.900,0.9,0.0157681816,0.9502115112
3.910,0.9,0.0156125123,0.9502941225
3.920,0.9,0.0154583785,0.9503758839
3.930,0.9,0.0153057651,0.9504568042
3.940,0.9,0.0151546571,0.9505368919
3.950,0.9,0.0150050396,0.9506161558
3.960,0.9,0.0148568981,0.9506946043
3.970,0.9,0.0147102178,0.9507722457
3.980,0.9,0.0145649845,0.9508490885
3.990,0.9,0.0144211839,0.9509251409
4.000,0.9,0.0142788018,0.9510004109
4.010,0.9,0.0141378243,0.9510749068
4.020,0.9,0.0139982375,0.9511486363
4.030,0.9,0.0138600278,0.9512216075
4.040,0.9,0.0137231815,0.9512938282
4.050,0.9,0.0135876852,0.9513653061
4.060,0.9,0.0134535256,0.9514360488
4.070,0.9,0.0133206895,0.9515060640
4.080,0.9,0.0131891639,0.9515753590
4.090,0.9,0.0130589359,0.9516439415
4.100,0.9,0.0129299927,0.9517118186
4.110,0.9,0.0128023216,0.9517789977
4.120,0.9,0.0126759101,0.9518454859
4.130,0.9,0.0125507457,0.9519112904
4.140,0.9,0.0124268162,0.9519764183
4.150,0.9,0.0123041094,0.9520408764
4.160,0.9,0.0121826133,0.9521046717
4.170,0.9,0.0120623158,0.9521678110
4.180,0.9,0.0119432053,0.9522303012
4.190,0.9,0.0118252700,0.9522921488
4.200,0.9,0.0117084982,0.9523533604
4.210,0.9,0.0115928787,0.9524139428
4.220,0.9,0.0114783999,0.9524739022
4.230,0.9,0.0113650506,0.9525332452
4.240,0.9,0.0112528198,0.9525919781
4.250,0.9,0.0111416963,0.9526501072
4.260,0.9,0.0110316693,0.9527076387
4.270,0.9,0.0109227279,0.9527645787
4.280,0.9,0.0108148615,0.9528209334
4.290,0.9,0.0107080595,0.9528767088
4.300,0.9,0.0106023113,0.9529319108
4.310,0.9,0.0104976066,0.9529865453
4.320,0.9,0.0103939351,0.9530406183
4.330,0.9,0.0102912866,0.9530941354
4.340,0.9,0.0101896510,0.9531471025
4.350,0.9,0.0100890183,0.9531995251
4.360,0.9,0.0099893787,0.9532514090
4.370,0.9,0.0098907223,0.9533027595
4.380,0.9,0.0097930395,0.9533535823
4.390,0.9,0.0096963206,0.9534038827
4.400,0.9,0.0096005562,0.9534536662
4.410,0.9,0.0095057368,0.9535029380
4.420,0.9,0.0094118532,0.9535517035
4.430,0.9,0.0093188960,0.9535999678
4.440,0.9,0.0092268562,0.9536477361
4.450,0.9,0.0091357248,0.9536950135
4.460,0.9,0.0090454927,0.9537418051
4.470,0.9,0.0089561511,0.9537881159
4.480,0.9,0.0088676912,0.9538339508
4.490,0.9,0.0087801043,0.9538793147
4.500,0.9,0.0086933819,0.9539242125
4.510,0.9,0.0086075153,0.9539686489
4.520,0.9,0.0085224962,0.9540126288
4.530,0.9,0.0084383162,0.9540561568
4.540,0.9,0.0083549670,0.9540992376
4.550,0.9,0.0082724404,0.9541418758
4.560,0.9,0.0081907284,0.9541840759
4.570,0.9,0.0081098228,0.9542258424
4.580,0.9,0.0080297158,0.9542671799
4.590,0.9,0.0079503994,0.9543080927
4.600,0.9,0.0078718659,0.9543485852
4.610,0.9,0.0077941075,0.9543886617
4.620,0.9,0.0077171166,0.9544283265
4.630,0.9,0.0076408856,0.9544675838
4.640,0.9,0.0075654071,0.9545064379
4.650,0.9,0.0074906736,0.9545448929
4.660,0.9,0.0074166777,0.9545829529
4.670,0.9,0.0073434123,0.9546206220
4.680,0.9,0.0072708700,0.9546579041
4.690,0.9,0.0071990438,0.9546948033
4.700,0.9,0.0071279265,0.9547313235
4.710,0.9,0.0070575113,0.9547674686
4.720,0.9,0.0069877911,0.9548032425
4.730,0.9,0.0069187592,0.9548386490
4.740,0.9,0.0068504087,0.9548736919
4.750,0.9,0.0067827329,0.9549083749
4.760,0.9,0.0067157252,0.9549427017
4.770,0.9,0.0066493790,0.9549766760
4.780,0.9,0.0065836876,0.9550103014
4.790,0.9,0.0065186448,0.9550435815
4.800,0.9,0.0064542441,0.9550765198
4.810,0.9,0.0063904791,0.9551091199
4.820,0.9,0.0063273436,0.9551413853
4.830,0.9,0.0062648314,0.9551733194
4.840,0.9,0.0062029363,0.9552049255
4.850,0.9,0.0061416523,0.9552362072
4.860,0.9,0.0060809732,0.9552671676
4.870,0.9,0.0060208932,0.9552978102
4.880,0.9,0.0059614064,0.9553281382
4.890,0.9,0.0059025068,0.9553581548
4.900,0.9,0.0058441888,0.9553878632
4.910,0.9,0.0057864465,0.9554172667
4.920,0.9,0.0057292742,0.9554463682
4.930,0.9,0.0056726665,0.9554751711
4.940,0.9,0.0056166176,0.9555036782
4.950,0.9,0.0055611221,0.9555318927
4.960,0.9,0.0055061745,0.9555598176
4.970,0.9,0.0054517694,0.9555874558
4.980,0.9,0.0053979014,0.9556148103
4.990,0.9,0.0053445654,0.9556418840
5.000,0.9,0.0052917559,0.9556686798
