# Source Data for Fig. 7c: burst leakage model, k1 = k2 = k = 1
# Recomputed from the closed forms in the paper, not from the co-author's code.
# Input state alpha = sqrt(0.6), beta = sqrt(0.4).
time,gamma,expected_holevo_bits,eve_fidelity
0.000,0.0,1.0000000000,0.5000000000
0.010,0.0,0.9900498337,0.5049750831
0.020,0.0,0.9801986733,0.5099006633
0.030,0.0,0.9704455335,0.5147772332
0.040,0.0,0.9607894392,0.5196052804
0.050,0.0,0.9512294245,0.5243852877
0.060,0.0,0.9417645336,0.5291177332
0.070,0.0,0.9323938199,0.5338030900
0.080,0.0,0.9231163464,0.5384418268
0.090,0.0,0.9139311853,0.5430344074
0.100,0.0,0.9048374180,0.5475812910
0.110,0.0,0.8958341353,0.5520829324
0.120,0.0,0.8869204367,0.5565397816
0.130,0.0,0.8780954309,0.5609522845
0.140,0.0,0.8693582354,0.5653208823
0.150,0.0,0.8607079764,0.5696460118
0.160,0.0,0.8521437890,0.5739281055
0.170,0.0,0.8436648166,0.5781675917
0.180,0.0,0.8352702114,0.5823648943
0.190,0.0,0.8269591339,0.5865204330
0.200,0.0,0.8187307531,0.5906346235
0.210,0.0,0.8105842460,0.5947078770
0.220,0.0,0.8025187980,0.5987406010
0.230,0.0,0.7945336025,0.6027331987
0.240,0.0,0.7866278611,0.6066860695
0.250,0.0,0.7788007831,0.6105996085
0.260,0.0,0.7710515858,0.6144742071
0.270,0.0,0.7633794943,0.6183102528
0.280,0.0,0.7557837415,0.6221081293
0.290,0.0,0.7482635676,0.6258682162
0.300,0.0,0.7408182207,0.6295908897
0.310,0.0,0.7334469562,0.6332765219
0.320,0.0,0.7261490371,0.6369254815
0.330,0.0,0.7189237334,0.6405381333
0.340,0.0,0.7117703228,0.6441148386
0.350,0.0,0.7046880897,0.6476559551
0.360,0.0,0.6976763261,0.6511618370
0.370,0.0,0.6907343306,0.6546328347
0.380,0.0,0.6838614092,0.6580692954
0.390,0.0,0.6770568745,0.6614715628
0.400,0.0,0.6703200460,0.6648399770
0.410,0.0,0.6636502501,0.6681748749
0.420,0.0,0.6570468198,0.6714765901
0.430,0.0,0.6505090947,0.6747454526
0.440,0.0,0.6440364211,0.6779817895
0.450,0.0,0.6376281516,0.6811859242
0.460,0.0,0.6312836455,0.6843581772
0.470,0.0,0.6250022683,0.6874988659
0.480,0.0,0.6187833918,0.6906083041
0.490,0.0,0.6126263942,0.6936868029
0.500,0.0,0.6065306597,0.6967346701
0.510,0.0,0.6004955788,0.6997522106
0.520,0.0,0.5945205480,0.7027397260
0.530,0.0,0.5886049697,0.7056975152
0.540,0.0,0.5827482524,0.7086258738
0.550,0.0,0.5769498104,0.7115250948
0.560,0.0,0.5712090638,0.7143954681
0.570,0.0,0.5655254387,0.7172372807
0.580,0.0,0.5598983666,0.7200508167
0.590,0.0,0.5543272847,0.7228363576
0.600,0.0,0.5488116361,0.7255941820
0.610,0.0,0.5433508691,0.7283245655
0.620,0.0,0.5379444376,0.7310277812
0.630,0.0,0.5325918010,0.7337040995
0.640,0.0,0.5272924240,0.7363537880
0.650,0.0,0.5220457768,0.7389771116
0.660,0.0,0.5168513345,0.7415743328
0.670,0.0,0.5117085778,0.7441457111
0.680,0.0,0.5066169924,0.7466915038
0.690,0.0,0.5015760691,0.7492119655
0.700,0.0,0.4965853038,0.7517073481
0.710,0.0,0.4916441975,0.7541779013
0.720,0.0,0.4867522560,0.7566238720
0.730,0.0,0.4819089901,0.7590455050
0.740,0.0,0.4771139155,0.7614430422
0.750,0.0,0.4723665527,0.7638167236
0.760,0.0,0.4676664270,0.7661667865
0.770,0.0,0.4630130683,0.7684934658
0.780,0.0,0.4584060113,0.7707969943
0.790,0.0,0.4538447953,0.7730776024
0.800,0.0,0.4493289641,0.7753355179
0.810,0.0,0.4448580662,0.7775709669
0.820,0.0,0.4404316545,0.7797841727
0.830,0.0,0.4360492863,0.7819753568
0.840,0.0,0.4317105234,0.7841447383
0.850,0.0,0.4274149319,0.7862925340
0.860,0.0,0.4231620823,0.7884189588
0.870,0.0,0.4189515492,0.7905242254
0.880,0.0,0.4147829117,0.7926085442
0.890,0.0,0.4106557528,0.7946721236
0.900,0.0,0.4065696597,0.7967151701
0.910,0.0,0.4025242240,0.7987378880
0.920,0.0,0.3985190411,0.8007404795
0.930,0.0,0.3945537104,0.8027231448
0.940,0.0,0.3906278354,0.8046860823
0.950,0.0,0.3867410235,0.8066294883
0.960,0.0,0.3828928860,0.8085535570
0.970,0.0,0.3790830381,0.8104584809
0.980,0.0,0.3753110989,0.8123444506
0.990,0.0,0.3715766910,0.8142116545
1.000,0.0,0.3678794412,0.8160602794
1.010,0.0,0.3642189796,0.8178905102
1.020,0.0,0.3605949402,0.8197025299
1.030,0.0,0.3570069606,0.8214965197
1.040,0.0,0.3534546820,0.8232726590
1.050,0.0,0.3499377491,0.8250311254
1.060,0.0,0.3464558103,0.8267720948
1.070,0.0,0.3430085174,0.8284957413
1.080,0.0,0.3395955256,0.8302022372
1.090,0.0,0.3362164937,0.8318917531
1.100,0.0,0.3328710837,0.8335644582
1.110,0.0,0.3295589611,0.8352205195
1.120,0.0,0.3262797946,0.8368601027
1.130,0.0,0.3230332564,0.8384833718
1.140,0.0,0.3198190218,0.8400904891
1.150,0.0,0.3166367694,0.8416816153
1.160,0.0,0.3134861809,0.8432569096
1.170,0.0,0.3103669413,0.8448165294
1.180,0.0,0.3072787386,0.8463606307
1.190,0.0,0.3042212641,0.8478893680
1.200,0.0,0.3011942119,0.8494028940
1.210,0.0,0.2981972794,0.8509013603
1.220,0.0,0.2952301669,0.8523849165
1.230,0.0,0.2922925777,0.8538537112
1.240,0.0,0.2893842179,0.8553078910
1.250,0.0,0.2865047969,0.8567476016
1.260,0.0,0.2836540265,0.8581729868
1.270,0.0,0.2808316218,0.8595841891
1.280,0.0,0.2780373005,0.8609813498
1.290,0.0,0.2752707831,0.8623646085
1.300,0.0,0.2725317930,0.8637341035
1.310,0.0,0.2698200564,0.8650899718
1.320,0.0,0.2671353020,0.8664323490
1.330,0.0,0.2644772613,0.8677613694
1.340,0.0,0.2618456686,0.8690771657
1.350,0.0,0.2592402606,0.8703798697
1.360,0.0,0.2566607770,0.8716696115
1.370,0.0,0.2541069596,0.8729465202
1.380,0.0,0.2515785531,0.8742107235
1.390,0.0,0.2490753046,0.8754623477
1.400,0.0,0.2465969639,0.8767015180
1.410,0.0,0.2441432832,0.8779283584
1.420,0.0,0.2417140169,0.8791429916
1.430,0.0,0.2393089222,0.8803455389
1.440,0.0,0.2369277587,0.8815361207
1.450,0.0,0.2345702881,0.8827148560
1.460,0.0,0.2322362747,0.8838818626
1.470,0.0,0.2299254852,0.8850372574
1.480,0.0,0.2276376884,0.8861811558
1.490,0.0,0.2253726555,0.8873136722
1.500,0.0,0.2231301601,0.8884349199
1.510,0.0,0.2209099780,0.8895450110
1.520,0.0,0.2187118870,0.8906440565
1.530,0.0,0.2165356673,0.8917321663
1.540,0.0,0.2143811014,0.8928094493
1.550,0.0,0.2122479738,0.8938760131
1.560,0.0,0.2101360712,0.8949319644
1.570,0.0,0.2080451824,0.8959774088
1.580,0.0,0.2059750982,0.8970124509
1.590,0.0,0.2039256117,0.8980371941
1.600,0.0,0.2018965180,0.8990517410
1.610,0.0,0.1998876141,0.9000561930
1.620,0.0,0.1978986991,0.9010506505
1.630,0.0,0.1959295741,0.9020352129
1.640,0.0,0.1939800423,0.9030099789
1.650,0.0,0.1920499086,0.9039750457
1.660,0.0,0.1901389801,0.9049305099
1.670,0.0,0.1882470656,0.9058764672
1.680,0.0,0.1863739760,0.9068130120
1.690,0.0,0.1845195240,0.9077402380
1.700,0.0,0.1826835241,0.9086582380
1.710,0.0,0.1808657926,0.9095671037
1.720,0.0,0.1790661479,0.9104669260
1.730,0.0,0.1772844100,0.9113577950
1.740,0.0,0.1755204006,0.9122397997
1.750,0.0,0.1737739435,0.9131130283
1.760,0.0,0.1720448638,0.9139775681
1.770,0.0,0.1703329888,0.9148335056
1.780,0.0,0.1686381473,0.9156809264
1.790,0.0,0.1669601697,0.9165199152
1.800,0.0,0.1652988882,0.9173505559
1.810,0.0,0.1636541368,0.9181729316
1.820,0.0,0.1620257509,0.9189871245
1.830,0.0,0.1604135678,0.9197932161
1.840,0.0,0.1588174261,0.9205912869
1.850,0.0,0.1572371663,0.9213814168
1.860,0.0,0.1556726304,0.9221636848
1.870,0.0,0.1541236618,0.9229381691
1.880,0.0,0.1525901058,0.9237049471
1.890,0.0,0.1510718088,0.9244640956
1.900,0.0,0.1495686192,0.9252156904
1.910,0.0,0.1480803866,0.9259598067
1.920,0.0,0.1466069621,0.9266965189
1.930,0.0,0.1451481985,0.9274259008
1.940,0.0,0.1437039498,0.9281480251
1.950,0.0,0.1422740716,0.9288629642
1.960,0.0,0.1408584209,0.9295707895
1.970,0.0,0.1394568562,0.9302715719
1.980,0.0,0.1380692373,0.9309653813
1.990,0.0,0.1366954254,0.9316522873
2.000,0.0,0.1353352832,0.9323323584
2.010,0.0,0.1339886747,0.9330056627
2.020,0.0,0.1326554651,0.9336722675
2.030,0.0,0.1313355211,0.9343322394
2.040,0.0,0.1300287109,0.9349856446
2.050,0.0,0.1287349036,0.9356325482
2.060,0.0,0.1274539699,0.9362730151
2.070,0.0,0.1261857817,0.9369071091
2.080,0.0,0.1249302122,0.9375348939
2.090,0.0,0.1236871358,0.9381564321
2.100,0.0,0.1224564283,0.9387717859
2.110,0.0,0.1212379664,0.9393810168
2.120,0.0,0.1200316285,0.9399841857
2.130,0.0,0.1188372939,0.9405813531
2.140,0.0,0.1176548430,0.9411725785
2.150,0.0,0.1164841578,0.9417579211
2.160,0.0,0.1153251210,0.9423374395
2.170,0.0,0.1141776169,0.9429111915
2.180,0.0,0.1130415306,0.9434792347
2.190,0.0,0.1119167486,0.9440416257
2.200,0.0,0.1108031584,0.9445984208
2.210,0.0,0.1097006485,0.9451496757
2.220,0.0,0.1086091088,0.9456954456
2.230,0.0,0.1075284301,0.9462357849
2.240,0.0,0.1064585044,0.9467707478
2.250,0.0,0.1053992246,0.9473003877
2.260,0.0,0.1043504848,0.9478247576
2.270,0.0,0.1033121801,0.9483439100
2.280,0.0,0.1022842067,0.9488578966
2.290,0.0,0.1012664619,0.9493667691
2.300,0.0,0.1002588437,0.9498705781
2.310,0.0,0.0992612516,0.9503693742
2.320,0.0,0.0982735856,0.9508632072
2.330,0.0,0.0972957471,0.9513521265
2.340,0.0,0.0963276382,0.9518361809
2.350,0.0,0.0953691622,0.9523154189
2.360,0.0,0.0944202232,0.9527898884
2.370,0.0,0.0934807263,0.9532596369
2.380,0.0,0.0925505775,0.9537247112
2.390,0.0,0.0916296839,0.9541851581
2.400,0.0,0.0907179533,0.9546410234
2.410,0.0,0.0898152946,0.9550923527
2.420,0.0,0.0889216175,0.9555391913
2.430,0.0,0.0880368326,0.9559815837
2.440,0.0,0.0871608515,0.9564195743
2.450,0.0,0.0862935865,0.9568532068
2.460,0.0,0.0854349510,0.9572825245
2.470,0.0,0.0845848590,0.9577075705
2.480,0.0,0.0837432256,0.9581283872
2.490,0.0,0.0829099666,0.9585450167
2.500,0.0,0.0820849986,0.9589575007
2.510,0.0,0.0812682392,0.9593658804
2.520,0.0,0.0804596067,0.9597701966
2.530,0.0,0.0796590203,0.9601704899
2.540,0.0,0.0788663998,0.9605668001
2.550,0.0,0.0780816660,0.9609591670
2.560,0.0,0.0773047404,0.9613476298
2.570,0.0,0.0765355454,0.9617322273
2.580,0.0,0.0757740040,0.9621129980
2.590,0.0,0.0750200401,0.9624899800
2.600,0.0,0.0742735782,0.9628632109
2.610,0.0,0.0735345438,0.9632327281
2.620,0.0,0.0728028628,0.9635985686
2.630,0.0,0.0720784622,0.9639607689
2.640,0.0,0.0713612696,0.9643193652
2.650,0.0,0.0706512131,0.9646743935
2.660,0.0,0.0699482217,0.9650258891
2.670,0.0,0.0692522253,0.9653738873
2.680,0.0,0.0685631542,0.9657184229
2.690,0.0,0.0678809394,0.9660595303
2.700,0.0,0.0672055127,0.9663972436
2.710,0.0,0.0665368067,0.9667315966
2.720,0.0,0.0658747544,0.9670626228
2.730,0.0,0.0652192897,0.9673903552
2.740,0.0,0.0645703469,0.9677148266
2.750,0.0,0.0639278612,0.9680360694
2.760,0.0,0.0632917684,0.9683541158
2.770,0.0,0.0626620047,0.9686689976
2.780,0.0,0.0620385074,0.9689807463
2.790,0.0,0.0614212139,0.9692893930
2.800,0.0,0.0608100626,0.9695949687
2.810,0.0,0.0602049924,0.9698975038
2.820,0.0,0.0596059427,0.9701970286
2.830,0.0,0.0590128537,0.9704935732
2.840,0.0,0.0584256660,0.9707871670
2.850,0.0,0.0578443209,0.9710778396
2.860,0.0,0.0572687603,0.9713656199
2.870,0.0,0.0566989266,0.9716505367
2.880,0.0,0.0561347628,0.9719326186
2.890,0.0,0.0555762126,0.9722118937
2.900,0.0,0.0550232201,0.9724883900
2.910,0.0,0.0544757299,0.9727621351
2.920,0.0,0.0539336873,0.9730331563
2.930,0.0,0.0533970381,0.9733014809
2.940,0.0,0.0528657287,0.9735671356
2.950,0.0,0.0523397059,0.9738301470
2.960,0.0,0.0518189172,0.9740905414
2.970,0.0,0.0513033103,0.9743483448
2.980,0.0,0.0507928339,0.9746035831
2.990,0.0,0.0502874367,0.9748562816
3.000,0.0,0.0497870684,0.9751064658
3.010,0.0,0.0492916788,0.9753541606
3.020,0.0,0.0488012184,0.9755993908
3.030,0.0,0.0483156381,0.9758421809
3.040,0.0,0.0478348895,0.9760825553
3.050,0.0,0.0473589244,0.9763205378
3.060,0.0,0.0468876952,0.9765561524
3.070,0.0,0.0464211549,0.9767894226
3.080,0.0,0.0459592566,0.9770203717
3.090,0.0,0.0455019544,0.9772490228
3.100,0.0,0.0450492024,0.9774753988
3.110,0.0,0.0446009553,0.9776995223
3.120,0.0,0.0441571684,0.9779214158
3.130,0.0,0.0437177973,0.9781411014
3.140,0.0,0.0432827979,0.9783586010
3.150,0.0,0.0428521269,0.9785739366
3.160,0.0,0.0424257411,0.9787871295
3.170,0.0,0.0420035979,0.9789982010
3.180,0.0,0.0415856551,0.9792071724
3.190,0.0,0.0411718709,0.9794140645
3.200,0.0,0.0407622040,0.9796188980
3.210,0.0,0.0403566133,0.9798216934
3.220,0.0,0.0399550583,0.9800224709
3.230,0.0,0.0395574988,0.9802212506
3.240,0.0,0.0391638951,0.9804180525
3.250,0.0,0.0387742078,0.9806128961
3.260,0.0,0.0383883980,0.9808058010
3.270,0.0,0.0380064271,0.9809967865
3.280,0.0,0.0376282568,0.9811858716
3.290,0.0,0.0372538494,0.9813730753
3.300,0.0,0.0368831674,0.9815584163
3.310,0.0,0.0365161738,0.9817419131
3.320,0.0,0.0361528318,0.9819235841
3.330,0.0,0.0357931051,0.9821034475
3.340,0.0,0.0354369577,0.9822815211
3.350,0.0,0.0350843541,0.9824578229
3.360,0.0,0.0347352589,0.9826323705
3.370,0.0,0.0343896373,0.9828051813
3.380,0.0,0.0340474547,0.9829762726
3.390,0.0,0.0337086769,0.9831456616
3.400,0.0,0.0333732700,0.9833133650
3.410,0.0,0.0330412004,0.9834793998
3.420,0.0,0.0327124349,0.9836437825
3.430,0.0,0.0323869408,0.9838065296
3.440,0.0,0.0320646853,0.9839676573
3.450,0.0,0.0317456364,0.9841271818
3.460,0.0,0.0314297620,0.9842851190
3.470,0.0,0.0311170307,0.9844414847
3.480,0.0,0.0308074110,0.9845962945
3.490,0.0,0.0305008722,0.9847495639
3.500,0.0,0.0301973834,0.9849013083
3.510,0.0,0.0298969144,0.9850515428
3.520,0.0,0.0295994352,0.9852002824
3.530,0.0,0.0293049159,0.9853475421
3.540,0.0,0.0290133271,0.9854933365
3.550,0.0,0.0287246397,0.9856376802
3.560,0.0,0.0284388247,0.9857805876
3.570,0.0,0.0281558537,0.9859220732
3.580,0.0,0.0278756983,0.9860621509
3.590,0.0,0.0275983304,0.9862008348
3.600,0.0,0.0273237224,0.9863381388
3.610,0.0,0.0270518469,0.9864740766
3.620,0.0,0.0267826765,0.9866086618
3.630,0.0,0.0265161844,0.9867419078
3.640,0.0,0.0262523440,0.9868738280
3.650,0.0,0.0259911288,0.9870044356
3.660,0.0,0.0257325127,0.9871337436
3.670,0.0,0.0254764699,0.9872617650
3.680,0.0,0.0252229748,0.9873885126
3.690,0.0,0.0249720020,0.9875139990
3.700,0.0,0.0247235265,0.9876382368
3.710,0.0,0.0244775233,0.9877612384
3.720,0.0,0.0242339678,0.9878830161
3.730,0.0,0.0239928358,0.9880035821
3.740,0.0,0.0237541031,0.9881229484
3.750,0.0,0.0235177459,0.9882411271
3.760,0.0,0.0232837404,0.9883581298
3.770,0.0,0.0230520633,0.9884739684
3.780,0.0,0.0228226914,0.9885886543
3.790,0.0,0.0225956019,0.9887021991
3.800,0.0,0.0223707719,0.9888146141
3.810,0.0,0.0221481790,0.9889259105
3.820,0.0,0.0219278009,0.9890360996
3.830,0.0,0.0217096156,0.9891451922
3.840,0.0,0.0214936013,0.9892531993
3.850,0.0,0.0212797364,0.9893601318
3.860,0.0,0.0210679995,0.9894660002
3.870,0.0,0.0208583694,0.9895708153
3.880,0.0,0.0206508252,0.9896745874
3.890,0.0,0.0204453460,0.9897773270
3.900,0.0,0.0202419114,0.9898790443
3.910,0.0,0.0200405011,0.9899797495
3.920,0.0,0.0198410947,0.9900794526
3.930,0.0,0.0196436726,0.9901781637
3.940,0.0,0.0194482147,0.9902758926
3.950,0.0,0.0192547018,0.9903726491
3.960,0.0,0.0190631143,0.9904684429
3.970,0.0,0.0188734331,0.9905632834
3.980,0.0,0.0186856393,0.9906571803
3.990,0.0,0.0184997141,0.9907501429
4.000,0.0,0.0183156389,0.9908421806
4.010,0.0,0.0181333952,0.9909333024
4.020,0.0,0.0179529649,0.9910235175
4.030,0.0,0.0177743300,0.9911128350
4.040,0.0,0.0175974724,0.9912012638
4.050,0.0,0.0174223746,0.9912888127
4.060,0.0,0.0172490191,0.9913754904
4.070,0.0,0.0170773885,0.9914613057
4.080,0.0,0.0169074657,0.9915462672
4.090,0.0,0.0167392336,0.9916303832
4.100,0.0,0.0165726754,0.9917136623
4.110,0.0,0.0164077745,0.9917961127
4.120,0.0,0.0162445144,0.9918777428
4.130,0.0,0.0160828788,0.9919585606
4.140,0.0,0.0159228515,0.9920385742
4.150,0.0,0.0157644165,0.9921177918
4.160,0.0,0.0156075579,0.9921962210
4.170,0.0,0.0154522601,0.9922738699
4.180,0.0,0.0152985076,0.9923507462
4.190,0.0,0.0151462849,0.9924268576
4.200,0.0,0.0149955768,0.9925022116
4.210,0.0,0.0148463683,0.9925768158
4.220,0.0,0.0146986445,0.9926506777
4.230,0.0,0.0145523905,0.9927238047
4.240,0.0,0.0144075918,0.9927962041
4.250,0.0,0.0142642339,0.9928678830
4.260,0.0,0.0141223024,0.9929388488
4.270,0.0,0.0139817832,0.9930091084
4.280,0.0,0.0138426621,0.9930786690
4.290,0.0,0.0137049253,0.9931475374
4.300,0.0,0.0135685590,0.9932157205
4.310,0.0,0.0134335496,0.9932832252
4.320,0.0,0.0132998835,0.9933500582
4.330,0.0,0.0131675475,0.9934162263
4.340,0.0,0.0130365282,0.9934817359
4.350,0.0,0.0129068126,0.9935465937
4.360,0.0,0.0127783876,0.9936108062
4.370,0.0,0.0126512406,0.9936743797
4.380,0.0,0.0125253586,0.9937373207
4.390,0.0,0.0124007292,0.9937996354
4.400,0.0,0.0122773399,0.9938613300
4.410,0.0,0.0121551783,0.9939224108
4.420,0.0,0.0120342323,0.9939828839
4.430,0.0,0.0119144897,0.9940427552
4.440,0.0,0.0117959385,0.9941020307
4.450,0.0,0.0116785670,0.9941607165
4.460,0.0,0.0115623633,0.9942188184
4.470,0.0,0.0114473159,0.9942763421
4.480,0.0,0.0113334132,0.9943332934
4.490,0.0,0.0112206438,0.9943896781
4.500,0.0,0.0111089965,0.9944455017
4.510,0.0,0.0109984602,0.9945007699
4.520,0.0,0.0108890237,0.9945554882
4.530,0.0,0.0107806761,0.9946096620
4.540,0.0,0.0106734066,0.9946632967
4.550,0.0,0.0105672044,0.9947163978
4.560,0.0,0.0104620589,0.9947689705
4.570,0.0,0.0103579597,0.9948210201
4.580,0.0,0.0102548963,0.9948725519
4.590,0.0,0.0101528584,0.9949235708
4.600,0.0,0.0100518357,0.9949740821
4.610,0.0,0.0099518183,0.9950240908
4.620,0.0,0.0098527961,0.9950736020
4.630,0.0,0.0097547591,0.9951226204
4.640,0.0,0.0096576976,0.9951711512
4.650,0.0,0.0095616019,0.9952191990
4.660,0.0,0.0094664624,0.9952667688
4.670,0.0,0.0093722695,0.9953138652
4.680,0.0,0.0092790139,0.9953604931
4.690,0.0,0.0091866862,0.9954066569
4.700,0.0,0.0090952771,0.9954523614
4.710,0.0,0.0090047776,0.9954976112
4.720,0.0,0.0089151785,0.9955424107
4.730,0.0,0.0088264710,0.9955867645
4.740,0.0,0.0087386462,0.9956306769
4.750,0.0,0.0086516952,0.9956741524
4.760,0.0,0.0085656094,0.9957171953
4.770,0.0,0.0084803802,0.9957598099
4.780,0.0,0.0083959990,0.9958020005
4.790,0.0,0.0083124574,0.9958437713
4.800,0.0,0.0082297470,0.9958851265
4.810,0.0,0.0081478597,0.9959260702
4.820,0.0,0.0080667871,0.9959666064
4.830,0.0,0.0079865213,0.9960067394
4.840,0.0,0.0079070541,0.9960464730
4.850,0.0,0.0078283775,0.9960858112
4.860,0.0,0.0077504839,0.9961247581
4.870,0.0,0.0076733653,0.9961633174
4.880,0.0,0.0075970140,0.9962014930
4.890,0.0,0.0075214225,0.9962392888
4.900,0.0,0.0074465831,0.9962767085
4.910,0.0,0.0073724883,0.9963137558
4.920,0.0,0.0072991308,0.9963504346
4.930,0.0,0.0072265033,0.9963867484
4.940,0.0,0.0071545984,0.9964227008
4.950,0.0,0.0070834089,0.9964582955
4.960,0.0,0.0070129278,0.9964935361
4.970,0.0,0.0069431480,0.9965284260
4.980,0.0,0.0068740626,0.9965629687
4.990,0.0,0.0068056645,0.9965971678
5.000,0.0,0.0067379470,0.9966310265
0.000,0.1,0.8899796402,0.5000000000
0.010,0.1,0.8811241949,0.5048296758
0.020,0.1,0.8723568626,0.5096112955
0.030,0.1,0.8636767668,0.5143453374
0.040,0.1,0.8550830394,0.5190322747
0.050,0.1,0.8465748210,0.5236725762
0.060,0.1,0.8381512608,0.5282667060
0.070,0.1,0.8298115164,0.5328151233
0.080,0.1,0.8215547539,0.5373182832
0.090,0.1,0.8133801475,0.5417766359
0.100,0.1,0.8052868798,0.5461906273
0.110,0.1,0.7972741415,0.5505606987
0.120,0.1,0.7893411312,0.5548872871
0.130,0.1,0.7814870557,0.5591708253
0.140,0.1,0.7737111296,0.5634117416
0.150,0.1,0.7660125752,0.5676104600
0.160,0.1,0.7583906227,0.5717674005
0.170,0.1,0.7508445100,0.5758829787
0.180,0.1,0.7433734823,0.5799576063
0.190,0.1,0.7359767925,0.5839916906
0.200,0.1,0.7286537011,0.5879856352
0.210,0.1,0.7214034756,0.5919398393
0.220,0.1,0.7142253911,0.5958546984
0.230,0.1,0.7071187297,0.5997306040
0.240,0.1,0.7000827808,0.6035679438
0.250,0.1,0.6931168407,0.6073671013
0.260,0.1,0.6862202129,0.6111284566
0.270,0.1,0.6793922077,0.6148523858
0.280,0.1,0.6726321423,0.6185392613
0.290,0.1,0.6659393407,0.6221894518
0.300,0.1,0.6593131335,0.6258033222
0.310,0.1,0.6527528582,0.6293812341
0.320,0.1,0.6462578588,0.6329235451
0.330,0.1,0.6398274856,0.6364306095
0.340,0.1,0.6334610958,0.6399027781
0.350,0.1,0.6271580526,0.6433403980
0.360,0.1,0.6209177257,0.6467438130
0.370,0.1,0.6147394911,0.6501133635
0.380,0.1,0.6086227309,0.6534493864
0.390,0.1,0.6025668336,0.6567522153
0.400,0.1,0.5965711934,0.6600221805
0.410,0.1,0.5906352109,0.6632596090
0.420,0.1,0.5847582923,0.6664648246
0.430,0.1,0.5789398501,0.6696381477
0.440,0.1,0.5731793023,0.6727798958
0.450,0.1,0.5674760730,0.6758903829
0.460,0.1,0.5618295917,0.6789699201
0.470,0.1,0.5562392939,0.6820188155
0.480,0.1,0.5507046204,0.6850373738
0.490,0.1,0.5452250179,0.6880258970
0.500,0.1,0.5397999383,0.6909846839
0.510,0.1,0.5344288392,0.6939140304
0.520,0.1,0.5291111834,0.6968142293
0.530,0.1,0.5238464392,0.6996855708
0.540,0.1,0.5186340800,0.7025283420
0.550,0.1,0.5134735847,0.7053428272
0.560,0.1,0.5083644371,0.7081293077
0.570,0.1,0.5033061265,0.7108880623
0.580,0.1,0.4982981468,0.7136193668
0.590,0.1,0.4933399974,0.7163234944
0.600,0.1,0.4884311825,0.7190007155
0.610,0.1,0.4835712110,0.7216512978
0.620,0.1,0.4787595970,0.7242755064
0.630,0.1,0.4739958595,0.7268736036
0.640,0.1,0.4692795219,0.7294458493
0.650,0.1,0.4646101126,0.7319925008
0.660,0.1,0.4599871647,0.7345138127
0.670,0.1,0.4554102160,0.7370100371
0.680,0.1,0.4508788086,0.7394814236
0.690,0.1,0.4463924895,0.7419282194
0.700,0.1,0.4419508100,0.7443506692
0.710,0.1,0.4375533260,0.7467490153
0.720,0.1,0.4331995976,0.7491234974
0.730,0.1,0.4288891896,0.7514743530
0.740,0.1,0.4246216709,0.7538018172
0.750,0.1,0.4203966147,0.7561061227
0.760,0.1,0.4162135985,0.7583875000
0.770,0.1,0.4120722040,0.7606461772
0.780,0.1,0.4079720170,0.7628823803
0.790,0.1,0.4039126276,0.7650963327
0.800,0.1,0.3998936298,0.7672882559
0.810,0.1,0.3959146217,0.7694583691
0.820,0.1,0.3919752054,0.7716068894
0.830,0.1,0.3880749870,0.7737340315
0.840,0.1,0.3842135763,0.7758400082
0.850,0.1,0.3803905874,0.7779250301
0.860,0.1,0.3766056378,0.7799893056
0.870,0.1,0.3728583491,0.7820330413
0.880,0.1,0.3691483465,0.7840564415
0.890,0.1,0.3654752591,0.7860597085
0.900,0.1,0.3618387195,0.7880430426
0.910,0.1,0.3582383641,0.7900066423
0.920,0.1,0.3546738328,0.7919507038
0.930,0.1,0.3511447692,0.7938754215
0.940,0.1,0.3476508204,0.7957809881
0.950,0.1,0.3441916369,0.7976675939
0.960,0.1,0.3407668729,0.7995354276
0.970,0.1,0.3373761859,0.8013846761
0.980,0.1,0.3340192367,0.8032155243
0.990,0.1,0.3306956898,0.8050281553
1.000,0.1,0.3274052127,0.8068227502
1.010,0.1,0.3241474764,0.8085994887
1.020,0.1,0.3209221551,0.8103585483
1.030,0.1,0.3177289263,0.8121001049
1.040,0.1,0.3145674707,0.8138243328
1.050,0.1,0.3114374721,0.8155314043
1.060,0.1,0.3083386174,0.8172214902
1.070,0.1,0.3052705969,0.8188947595
1.080,0.1,0.3022331037,0.8205513794
1.090,0.1,0.2992258341,0.8221915157
1.100,0.1,0.2962484873,0.8238153324
1.110,0.1,0.2933007656,0.8254229918
1.120,0.1,0.2903823742,0.8270146547
1.130,0.1,0.2874930213,0.8285904804
1.140,0.1,0.2846324180,0.8301506263
1.150,0.1,0.2818002781,0.8316952485
1.160,0.1,0.2789963185,0.8332245014
1.170,0.1,0.2762202587,0.8347385380
1.180,0.1,0.2734718212,0.8362375097
1.190,0.1,0.2707507311,0.8377215664
1.200,0.1,0.2680567164,0.8391908565
1.210,0.1,0.2653895075,0.8406455269
1.220,0.1,0.2627488377,0.8420857231
1.230,0.1,0.2601344431,0.8435115891
1.240,0.1,0.2575460622,0.8449232675
1.250,0.1,0.2549834360,0.8463208994
1.260,0.1,0.2524463085,0.8477046247
1.270,0.1,0.2499344257,0.8490745817
1.280,0.1,0.2474475366,0.8504309074
1.290,0.1,0.2449853925,0.8517737374
1.300,0.1,0.2425477471,0.8531032061
1.310,0.1,0.2401343567,0.8544194463
1.320,0.1,0.2377449799,0.8557225897
1.330,0.1,0.2353793779,0.8570127666
1.340,0.1,0.2330373139,0.8582901060
1.350,0.1,0.2307185539,0.8595547357
1.360,0.1,0.2284228659,0.8608067821
1.370,0.1,0.2261500204,0.8620463705
1.380,0.1,0.2238997901,0.8632736247
1.390,0.1,0.2216719500,0.8644886676
1.400,0.1,0.2194662773,0.8656916206
1.410,0.1,0.2172825513,0.8668826039
1.420,0.1,0.2151205538,0.8680617369
1.430,0.1,0.2129800685,0.8692291372
1.440,0.1,0.2108608814,0.8703849217
1.450,0.1,0.2087627806,0.8715292060
1.460,0.1,0.2066855562,0.8726621044
1.470,0.1,0.2046290006,0.8737837303
1.480,0.1,0.2025929080,0.8748941959
1.490,0.1,0.2005770749,0.8759936121
1.500,0.1,0.1985812997,0.8770820890
1.510,0.1,0.1966053827,0.8781597353
1.520,0.1,0.1946491265,0.8792266589
1.530,0.1,0.1927123353,0.8802829664
1.540,0.1,0.1907948155,0.8813287635
1.550,0.1,0.1888963754,0.8823641547
1.560,0.1,0.1870168250,0.8833892436
1.570,0.1,0.1851559765,0.8844041327
1.580,0.1,0.1833136438,0.8854089235
1.590,0.1,0.1814896426,0.8864037165
1.600,0.1,0.1796837905,0.8873886111
1.610,0.1,0.1778959069,0.8883637058
1.620,0.1,0.1761258130,0.8893290982
1.630,0.1,0.1743733319,0.8902848847
1.640,0.1,0.1726382883,0.8912311610
1.650,0.1,0.1709205086,0.8921680218
1.660,0.1,0.1692198211,0.8930955606
1.670,0.1,0.1675360558,0.8940138702
1.680,0.1,0.1658690441,0.8949230425
1.690,0.1,0.1642186196,0.8958231684
1.700,0.1,0.1625846170,0.8967143379
1.710,0.1,0.1609668730,0.8975966401
1.720,0.1,0.1593652259,0.8984701632
1.730,0.1,0.1577795154,0.8993349947
1.740,0.1,0.1562095830,0.9001912209
1.750,0.1,0.1546552717,0.9010389275
1.760,0.1,0.1531164260,0.9018781993
1.770,0.1,0.1515928921,0.9027091202
1.780,0.1,0.1500845176,0.9035317734
1.790,0.1,0.1485911517,0.9043462409
1.800,0.1,0.1471126451,0.9051526044
1.810,0.1,0.1456488498,0.9059509445
1.820,0.1,0.1441996195,0.9067413409
1.830,0.1,0.1427648093,0.9075238728
1.840,0.1,0.1413442758,0.9082986183
1.850,0.1,0.1399378767,0.9090656550
1.860,0.1,0.1385454716,0.9098250595
1.870,0.1,0.1371669211,0.9105769078
1.880,0.1,0.1358020874,0.9113212752
1.890,0.1,0.1344508341,0.9120582359
1.900,0.1,0.1331130259,0.9127878638
1.910,0.1,0.1317885292,0.9135102317
1.920,0.1,0.1304772114,0.9142254120
1.930,0.1,0.1291789415,0.9149334761
1.940,0.1,0.1278935895,0.9156344948
1.950,0.1,0.1266210270,0.9163285383
1.960,0.1,0.1253611268,0.9170156759
1.970,0.1,0.1241137627,0.9176959765
1.980,0.1,0.1228788102,0.9183695079
1.990,0.1,0.1216561456,0.9190363375
2.000,0.1,0.1204456467,0.9196965321
2.010,0.1,0.1192471925,0.9203501576
2.020,0.1,0.1180606631,0.9209972795
2.030,0.1,0.1168859399,0.9216379624
2.040,0.1,0.1157229053,0.9222722704
2.050,0.1,0.1145714432,0.9229002669
2.060,0.1,0.1134314383,0.9235220148
2.070,0.1,0.1123027766,0.9241375761
2.080,0.1,0.1111853453,0.9247470125
2.090,0.1,0.1100790326,0.9253503850
2.100,0.1,0.1089837280,0.9259477537
2.110,0.1,0.1078993218,0.9265391786
2.120,0.1,0.1068257056,0.9271247187
2.130,0.1,0.1057627720,0.9277044325
2.140,0.1,0.1047104149,0.9282783781
2.150,0.1,0.1036685288,0.9288466129
2.160,0.1,0.1026370097,0.9294091936
2.170,0.1,0.1016157544,0.9299661765
2.180,0.1,0.1006046608,0.9305176174
2.190,0.1,0.0996036277,0.9310635713
2.200,0.1,0.0986125550,0.9316040930
2.210,0.1,0.0976313437,0.9321392363
2.220,0.1,0.0966598956,0.9326690549
2.230,0.1,0.0956981136,0.9331936017
2.240,0.1,0.0947459014,0.9337129291
2.250,0.1,0.0938031640,0.9342270892
2.260,0.1,0.0928698069,0.9347361333
2.270,0.1,0.0919457369,0.9352401123
2.280,0.1,0.0910308615,0.9357390766
2.290,0.1,0.0901250893,0.9362330762
2.300,0.1,0.0892283297,0.9367221603
2.310,0.1,0.0883404930,0.9372063781
2.320,0.1,0.0874614904,0.9376857777
2.330,0.1,0.0865912340,0.9381604073
2.340,0.1,0.0857296368,0.9386303142
2.350,0.1,0.0848766127,0.9390955455
2.360,0.1,0.0840320763,0.9395561476
2.370,0.1,0.0831959431,0.9400121667
2.380,0.1,0.0823681297,0.9404636483
2.390,0.1,0.0815485531,0.9409106376
2.400,0.1,0.0807371314,0.9413531792
2.410,0.1,0.0799337836,0.9417913175
2.420,0.1,0.0791384291,0.9422250963
2.430,0.1,0.0783509886,0.9426545589
2.440,0.1,0.0775713832,0.9430797482
2.450,0.1,0.0767995351,0.9435007069
2.460,0.1,0.0760353669,0.9439174769
2.470,0.1,0.0752788024,0.9443301001
2.480,0.1,0.0745297658,0.9447386175
2.490,0.1,0.0737881822,0.9451430701
2.500,0.1,0.0730539775,0.9455434984
2.510,0.1,0.0723270783,0.9459399423
2.520,0.1,0.0716074119,0.9463324416
2.530,0.1,0.0708949062,0.9467210354
2.540,0.1,0.0701894901,0.9471057626
2.550,0.1,0.0694910930,0.9474866618
2.560,0.1,0.0687996451,0.9478637709
2.570,0.1,0.0681150772,0.9482371277
2.580,0.1,0.0674373208,0.9486067696
2.590,0.1,0.0667663083,0.9489727335
2.600,0.1,0.0661019724,0.9493350560
2.610,0.1,0.0654442468,0.9496937733
2.620,0.1,0.0647930657,0.9500489213
2.630,0.1,0.0641483639,0.9504005355
2.640,0.1,0.0635100770,0.9507486511
2.650,0.1,0.0628781412,0.9510933029
2.660,0.1,0.0622524932,0.9514345254
2.670,0.1,0.0616330706,0.9517723526
2.680,0.1,0.0610198113,0.9521068184
2.690,0.1,0.0604126540,0.9524379562
2.700,0.1,0.0598115381,0.9527657991
2.710,0.1,0.0592164033,0.9530903800
2.720,0.1,0.0586271902,0.9534117312
2.730,0.1,0.0580438400,0.9537298849
2.740,0.1,0.0574662941,0.9540448729
2.750,0.1,0.0568944949,0.9543567268
2.760,0.1,0.0563283852,0.9546654776
2.770,0.1,0.0557679084,0.9549711563
2.780,0.1,0.0552130085,0.9552737935
2.790,0.1,0.0546636299,0.9555734194
2.800,0.1,0.0541197177,0.9558700639
2.810,0.1,0.0535812175,0.9561637568
2.820,0.1,0.0530480754,0.9564545274
2.830,0.1,0.0525202383,0.9567424048
2.840,0.1,0.0519976532,0.9570274177
2.850,0.1,0.0514802679,0.9573095948
2.860,0.1,0.0509680307,0.9575889641
2.870,0.1,0.0504608903,0.9578655536
2.880,0.1,0.0499587960,0.9581393911
2.890,0.1,0.0494616977,0.9584105038
2.900,0.1,0.0489695456,0.9586789189
2.910,0.1,0.0484822905,0.9589446632
2.920,0.1,0.0479998836,0.9592077633
2.930,0.1,0.0475222768,0.9594682455
2.940,0.1,0.0470494222,0.9597261359
2.950,0.1,0.0465812727,0.9599814602
2.960,0.1,0.0461177813,0.9602342440
2.970,0.1,0.0456589017,0.9604845126
2.980,0.1,0.0452045880,0.9607322910
2.990,0.1,0.0447547948,0.9609776039
3.000,0.1,0.0443094772,0.9612204759
3.010,0.1,0.0438685905,0.9614609313
3.020,0.1,0.0434320908,0.9616989941
3.030,0.1,0.0429999342,0.9619346882
3.040,0.1,0.0425720777,0.9621680371
3.050,0.1,0.0421484785,0.9623990641
3.060,0.1,0.0417290941,0.9626277923
3.070,0.1,0.0413138827,0.9628542447
3.080,0.1,0.0409028027,0.9630784438
3.090,0.1,0.0404958130,0.9633004121
3.100,0.1,0.0400928729,0.9635201718
3.110,0.1,0.0396939422,0.9637377449
3.120,0.1,0.0392989809,0.9639531530
3.130,0.1,0.0389079495,0.9641664178
3.140,0.1,0.0385208089,0.9643775606
3.150,0.1,0.0381375205,0.9645866025
3.160,0.1,0.0377580458,0.9647935644
3.170,0.1,0.0373823470,0.9649984670
3.180,0.1,0.0370103864,0.9652013307
3.190,0.1,0.0366421269,0.9654021760
3.200,0.1,0.0362775316,0.9656010227
3.210,0.1,0.0359165642,0.9657978910
3.220,0.1,0.0355591884,0.9659928003
3.230,0.1,0.0352053685,0.9661857703
3.240,0.1,0.0348550693,0.9663768202
3.250,0.1,0.0345082555,0.9665659691
3.260,0.1,0.0341648927,0.9667532360
3.270,0.1,0.0338249463,0.9669386395
3.280,0.1,0.0334883825,0.9671221982
3.290,0.1,0.0331551675,0.9673039305
3.300,0.1,0.0328252681,0.9674838545
3.310,0.1,0.0324986512,0.9676619883
3.320,0.1,0.0321752842,0.9678383495
3.330,0.1,0.0318551348,0.9680129560
3.340,0.1,0.0315381709,0.9681858251
3.350,0.1,0.0312243608,0.9683569741
3.360,0.1,0.0309136733,0.9685264202
3.370,0.1,0.0306060771,0.9686941802
3.380,0.1,0.0303015415,0.9688602710
3.390,0.1,0.0300000361,0.9690247092
3.400,0.1,0.0297015308,0.9691875112
3.410,0.1,0.0294059956,0.9693486932
3.420,0.1,0.0291134011,0.9695082715
3.430,0.1,0.0288237179,0.9696662620
3.440,0.1,0.0285369171,0.9698226804
3.450,0.1,0.0282529700,0.9699775424
3.460,0.1,0.0279718483,0.9701308636
3.470,0.1,0.0276935238,0.9702826591
3.480,0.1,0.0274179686,0.9704329443
3.490,0.1,0.0271451552,0.9705817341
3.500,0.1,0.0268750564,0.9707290434
3.510,0.1,0.0266076452,0.9708748870
3.520,0.1,0.0263428947,0.9710192794
3.530,0.1,0.0260807785,0.9711622351
3.540,0.1,0.0258212704,0.9713037683
3.550,0.1,0.0255643445,0.9714438933
3.560,0.1,0.0253099750,0.9715826240
3.570,0.1,0.0250581365,0.9717199743
3.580,0.1,0.0248088039,0.9718559579
3.590,0.1,0.0245619522,0.9719905885
3.600,0.1,0.0243175567,0.9721238795
3.610,0.1,0.0240755929,0.9722558442
3.620,0.1,0.0238360368,0.9723864959
3.630,0.1,0.0235988643,0.9725158475
3.640,0.1,0.0233640516,0.9726439121
3.650,0.1,0.0231315754,0.9727707024
3.660,0.1,0.0229014124,0.9728962311
3.670,0.1,0.0226735396,0.9730205108
3.680,0.1,0.0224479341,0.9731435539
3.690,0.1,0.0222245734,0.9732653727
3.700,0.1,0.0220034352,0.9733859794
3.710,0.1,0.0217844974,0.9735053860
3.720,0.1,0.0215677380,0.9736236045
3.730,0.1,0.0213531354,0.9737406467
3.740,0.1,0.0211406682,0.9738565243
3.750,0.1,0.0209303150,0.9739712489
3.760,0.1,0.0207220549,0.9740848320
3.770,0.1,0.0205158670,0.9741972850
3.780,0.1,0.0203117307,0.9743086189
3.790,0.1,0.0201096256,0.9744188451
3.800,0.1,0.0199095315,0.9745279746
3.810,0.1,0.0197114283,0.9746360182
3.820,0.1,0.0195152964,0.9747429867
3.830,0.1,0.0193211159,0.9748488908
3.840,0.1,0.0191288676,0.9749537413
3.850,0.1,0.0189385322,0.9750575484
3.860,0.1,0.0187500906,0.9751603226
3.870,0.1,0.0185635241,0.9752620742
3.880,0.1,0.0183788140,0.9753628134
3.890,0.1,0.0181959417,0.9754625502
3.900,0.1,0.0180148891,0.9755612946
3.910,0.1,0.0178356379,0.9756590564
3.920,0.1,0.0176581704,0.9757558456
3.930,0.1,0.0174824686,0.9758516716
3.940,0.1,0.0173085152,0.9759465442
3.950,0.1,0.0171362926,0.9760404728
3.960,0.1,0.0169657836,0.9761334667
3.970,0.1,0.0167969712,0.9762255354
3.980,0.1,0.0166298386,0.9763166879
3.990,0.1,0.0164643689,0.9764069335
4.000,0.1,0.0163005457,0.9764962812
4.010,0.1,0.0161383526,0.9765847397
4.020,0.1,0.0159777733,0.9766723182
4.030,0.1,0.0158187918,0.9767590252
4.040,0.1,0.0156613922,0.9768448694
4.050,0.1,0.0155055587,0.9769298595
4.060,0.1,0.0153512758,0.9770140039
4.070,0.1,0.0151985281,0.9770973111
4.080,0.1,0.0150473002,0.9771797894
4.090,0.1,0.0148975771,0.9772614469
4.100,0.1,0.0147493437,0.9773422920
4.110,0.1,0.0146025853,0.9774223326
4.120,0.1,0.0144572871,0.9775015769
4.130,0.1,0.0143134347,0.9775800326
4.140,0.1,0.0141710137,0.9776577077
4.150,0.1,0.0140300097,0.9777346099
4.160,0.1,0.0138904088,0.9778107469
4.170,0.1,0.0137521969,0.9778861264
4.180,0.1,0.0136153603,0.9779607558
4.190,0.1,0.0134798852,0.9780346426
4.200,0.1,0.0133457581,0.9781077943
4.210,0.1,0.0132129656,0.9781802180
4.220,0.1,0.0130814943,0.9782519212
4.230,0.1,0.0129513313,0.9783229109
4.240,0.1,0.0128224634,0.9783931942
4.250,0.1,0.0126948778,0.9784627782
4.260,0.1,0.0125685616,0.9785316698
4.270,0.1,0.0124435023,0.9785998760
4.280,0.1,0.0123196874,0.9786674035
4.290,0.1,0.0121971045,0.9787342590
4.300,0.1,0.0120757413,0.9788004494
4.310,0.1,0.0119555856,0.9788659811
4.320,0.1,0.0118366256,0.9789308608
4.330,0.1,0.0117188492,0.9789950949
4.340,0.1,0.0116022447,0.9790586899
4.350,0.1,0.0114868004,0.9791216521
4.360,0.1,0.0113725048,0.9791839878
4.370,0.1,0.0112593465,0.9792457033
4.380,0.1,0.0111473142,0.9793068047
4.390,0.1,0.0110363965,0.9793672981
4.400,0.1,0.0109265826,0.9794271896
4.410,0.1,0.0108178612,0.9794864852
4.420,0.1,0.0107102217,0.9795451908
4.430,0.1,0.0106036532,0.9796033122
4.440,0.1,0.0104981451,0.9796608553
4.450,0.1,0.0103936868,0.9797178259
4.460,0.1,0.0102902679,0.9797742296
4.470,0.1,0.0101878780,0.9798300720
4.480,0.1,0.0100865070,0.9798853589
4.490,0.1,0.0099861445,0.9799400956
4.500,0.1,0.0098867807,0.9799942877
4.510,0.1,0.0097884056,0.9800479405
4.520,0.1,0.0096910094,0.9801010595
4.530,0.1,0.0095945822,0.9801536500
4.540,0.1,0.0094991145,0.9802057171
4.550,0.1,0.0094045968,0.9802572662
4.560,0.1,0.0093110195,0.9803083024
4.570,0.1,0.0092183733,0.9803588307
4.580,0.1,0.0091266489,0.9804088563
4.590,0.1,0.0090358372,0.9804583842
4.600,0.1,0.0089459292,0.9805074192
4.610,0.1,0.0088569157,0.9805559663
4.620,0.1,0.0087687879,0.9806040303
4.630,0.1,0.0086815370,0.9806516161
4.640,0.1,0.0085951543,0.9806987285
4.650,0.1,0.0085096310,0.9807453720
4.660,0.1,0.0084249588,0.9807915515
4.670,0.1,0.0083411291,0.9808372714
4.680,0.1,0.0082581334,0.9808825364
4.690,0.1,0.0081759636,0.9809273511
4.700,0.1,0.0080946114,0.9809717198
4.710,0.1,0.0080140687,0.9810156470
4.720,0.1,0.0079343274,0.9810591372
4.730,0.1,0.0078553795,0.9811021946
4.740,0.1,0.0077772172,0.9811448236
4.750,0.1,0.0076998326,0.9811870284
4.760,0.1,0.0076232180,0.9812288133
4.770,0.1,0.0075473657,0.9812701824
4.780,0.1,0.0074722681,0.9813111399
4.790,0.1,0.0073979178,0.9813516899
4.800,0.1,0.0073243073,0.9813918363
4.810,0.1,0.0072514292,0.9814315833
4.820,0.1,0.0071792763,0.9814709349
4.830,0.1,0.0071078413,0.9815098948
4.840,0.1,0.0070371171,0.9815484671
4.850,0.1,0.0069670966,0.9815866556
4.860,0.1,0.0068977729,0.9816244642
4.870,0.1,0.0068291389,0.9816618965
4.880,0.1,0.0067611878,0.9816989564
4.890,0.1,0.0066939129,0.9817356475
4.900,0.1,0.0066273073,0.9817719735
4.910,0.1,0.0065613645,0.9818079381
4.920,0.1,0.0064960778,0.9818435448
4.930,0.1,0.0064314408,0.9818787973
4.940,0.1,0.0063674469,0.9819136989
4.950,0.1,0.0063040897,0.9819482533
4.960,0.1,0.0062413630,0.9819824639
4.970,0.1,0.0061792604,0.9820163340
4.980,0.1,0.0061177757,0.9820498672
4.990,0.1,0.0060569028,0.9820830667
5.000,0.1,0.0059966356,0.9821159358
0.000,0.2,0.8245629393,0.5000000000
0.010,0.2,0.8163584010,0.5047134810
0.020,0.2,0.8082354992,0.5093800621
0.030,0.2,0.8001934216,0.5140002100
0.040,0.2,0.7922313640,0.5185743866
0.050,0.2,0.7843485302,0.5231030494
0.060,0.2,0.7765441319,0.5275866512
0.070,0.2,0.7688173887,0.5320256405
0.080,0.2,0.7611675279,0.5364204611
0.090,0.2,0.7535937844,0.5407715525
0.100,0.2,0.7460954010,0.5450793498
0.110,0.2,0.7386716277,0.5493442838
0.120,0.2,0.7313217222,0.5535667810
0.130,0.2,0.7240449495,0.5577472636
0.140,0.2,0.7168405819,0.5618861498
0.150,0.2,0.7097078989,0.5659838533
0.160,0.2,0.7026461873,0.5700407841
0.170,0.2,0.6956547410,0.5740573476
0.180,0.2,0.6887328606,0.5780339457
0.190,0.2,0.6818798542,0.5819709760
0.200,0.2,0.6750950363,0.5858688322
0.210,0.2,0.6683777284,0.5897279041
0.220,0.2,0.6617272589,0.5935485776
0.230,0.2,0.6551429627,0.5973312347
0.240,0.2,0.6486241813,0.6010762538
0.250,0.2,0.6421702628,0.6047840093
0.260,0.2,0.6357805619,0.6084548720
0.270,0.2,0.6294544397,0.6120892090
0.280,0.2,0.6231912633,0.6156873838
0.290,0.2,0.6169904067,0.6192497561
0.300,0.2,0.6108512495,0.6227766822
0.310,0.2,0.6047731780,0.6262685149
0.320,0.2,0.5987555844,0.6297256032
0.330,0.2,0.5927978668,0.6331482929
0.340,0.2,0.5868994294,0.6365369263
0.350,0.2,0.5810596825,0.6398918422
0.360,0.2,0.5752780421,0.6432133761
0.370,0.2,0.5695539299,0.6465018602
0.380,0.2,0.5638867737,0.6497576234
0.390,0.2,0.5582760065,0.6529809912
0.400,0.2,0.5527210674,0.6561722859
0.410,0.2,0.5472214009,0.6593318267
0.420,0.2,0.5417764570,0.6624599296
0.430,0.2,0.5363856912,0.6655569073
0.440,0.2,0.5310485644,0.6686230696
0.450,0.2,0.5257645429,0.6716587230
0.460,0.2,0.5205330983,0.6746641712
0.470,0.2,0.5153537074,0.6776397147
0.480,0.2,0.5102258523,0.6805856511
0.490,0.2,0.5051490203,0.6835022748
0.500,0.2,0.5001227035,0.6863898777
0.510,0.2,0.4951463995,0.6892487485
0.520,0.2,0.4902196105,0.6920791730
0.530,0.2,0.4853418439,0.6948814343
0.540,0.2,0.4805126118,0.6976558127
0.550,0.2,0.4757314315,0.7004025855
0.560,0.2,0.4709978246,0.7031220275
0.570,0.2,0.4663113180,0.7058144106
0.580,0.2,0.4616714428,0.7084800040
0.590,0.2,0.4570777352,0.7111190743
0.600,0.2,0.4525297358,0.7137318855
0.610,0.2,0.4480269897,0.7163186987
0.620,0.2,0.4435690466,0.7188797727
0.630,0.2,0.4391554609,0.7214153636
0.640,0.2,0.4347857910,0.7239257250
0.650,0.2,0.4304596001,0.7264111078
0.660,0.2,0.4261764555,0.7288717607
0.670,0.2,0.4219359290,0.7313079296
0.680,0.2,0.4177375963,0.7337198583
0.690,0.2,0.4135810378,0.7361077879
0.700,0.2,0.4094658377,0.7384719572
0.710,0.2,0.4053915845,0.7408126026
0.720,0.2,0.4013578709,0.7431299582
0.730,0.2,0.3973642933,0.7454242557
0.740,0.2,0.3934104526,0.7476957246
0.750,0.2,0.3894959532,0.7499445920
0.760,0.2,0.3856204037,0.7521710828
0.770,0.2,0.3817834165,0.7543754196
0.780,0.2,0.3779846081,0.7565578229
0.790,0.2,0.3742235984,0.7587185110
0.800,0.2,0.3705000114,0.7608576998
0.810,0.2,0.3668134747,0.7629756033
0.820,0.2,0.3631636196,0.7650724334
0.830,0.2,0.3595500812,0.7671483996
0.840,0.2,0.3559724981,0.7692037097
0.850,0.2,0.3524305126,0.7712385690
0.860,0.2,0.3489237704,0.7732531812
0.870,0.2,0.3454519209,0.7752477477
0.880,0.2,0.3420146168,0.7772224678
0.890,0.2,0.3386115145,0.7791775392
0.900,0.2,0.3352422737,0.7811131573
0.910,0.2,0.3319065573,0.7830295157
0.920,0.2,0.3286040319,0.7849268060
0.930,0.2,0.3253343671,0.7868052179
0.940,0.2,0.3220972361,0.7886649394
0.950,0.2,0.3188923150,0.7905061563
0.960,0.2,0.3157192835,0.7923290527
0.970,0.2,0.3125778241,0.7941338111
0.980,0.2,0.3094676228,0.7959206118
0.990,0.2,0.3063883685,0.7976896335
1.000,0.2,0.3033397533,0.7994410532
1.010,0.2,0.3003214723,0.8011750460
1.020,0.2,0.2973332238,0.8028917852
1.030,0.2,0.2943747088,0.8045914427
1.040,0.2,0.2914456315,0.8062741882
1.050,0.2,0.2885456990,0.8079401901
1.060,0.2,0.2856746213,0.8095896151
1.070,0.2,0.2828321113,0.8112226280
1.080,0.2,0.2800178848,0.8128393921
1.090,0.2,0.2772316603,0.8144400692
1.100,0.2,0.2744731592,0.8160248192
1.110,0.2,0.2717421056,0.8175938008
1.120,0.2,0.2690382265,0.8191471707
1.130,0.2,0.2663612514,0.8206850843
1.140,0.2,0.2637109127,0.8222076954
1.150,0.2,0.2610869452,0.8237151563
1.160,0.2,0.2584890867,0.8252076177
1.170,0.2,0.2559170774,0.8266852289
1.180,0.2,0.2533706599,0.8281481376
1.190,0.2,0.2508495797,0.8295964901
1.200,0.2,0.2483535847,0.8310304312
1.210,0.2,0.2458824252,0.8324501045
1.220,0.2,0.2434358542,0.8338556517
1.230,0.2,0.2410136270,0.8352472135
1.240,0.2,0.2386155013,0.8366249290
1.250,0.2,0.2362412374,0.8379889360
1.260,0.2,0.2338905978,0.8393393709
1.270,0.2,0.2315633475,0.8406763688
1.280,0.2,0.2292592537,0.8420000633
1.290,0.2,0.2269780860,0.8433105869
1.300,0.2,0.2247196163,0.8446080705
1.310,0.2,0.2224836188,0.8458926439
1.320,0.2,0.2202698698,0.8471644356
1.330,0.2,0.2180781480,0.8484235728
1.340,0.2,0.2159082341,0.8496701814
1.350,0.2,0.2137599113,0.8509043860
1.360,0.2,0.2116329646,0.8521263100
1.370,0.2,0.2095271815,0.8533360757
1.380,0.2,0.2074423512,0.8545338040
1.390,0.2,0.2053782653,0.8557196148
1.400,0.2,0.2033347174,0.8568936265
1.410,0.2,0.2013115032,0.8580559566
1.420,0.2,0.1993084202,0.8592067213
1.430,0.2,0.1973252683,0.8603460358
1.440,0.2,0.1953618491,0.8614740138
1.450,0.2,0.1934179662,0.8625907683
1.460,0.2,0.1914934253,0.8636964109
1.470,0.2,0.1895880339,0.8647910522
1.480,0.2,0.1877016014,0.8658748016
1.490,0.2,0.1858339393,0.8669477676
1.500,0.2,0.1839848607,0.8680100573
1.510,0.2,0.1821541807,0.8690617771
1.520,0.2,0.1803417164,0.8701030321
1.530,0.2,0.1785472863,0.8711339264
1.540,0.2,0.1767707111,0.8721545631
1.550,0.2,0.1750118132,0.8731650444
1.560,0.2,0.1732704165,0.8741654712
1.570,0.2,0.1715463471,0.8751559436
1.580,0.2,0.1698394324,0.8761365606
1.590,0.2,0.1681495018,0.8771074203
1.600,0.2,0.1664763863,0.8780686198
1.610,0.2,0.1648199186,0.8790202552
1.620,0.2,0.1631799330,0.8799624217
1.630,0.2,0.1615562655,0.8808952135
1.640,0.2,0.1599487538,0.8818187238
1.650,0.2,0.1583572371,0.8827330451
1.660,0.2,0.1567815563,0.8836382687
1.670,0.2,0.1552215538,0.8845344851
1.680,0.2,0.1536770735,0.8854217841
1.690,0.2,0.1521479611,0.8863002543
1.700,0.2,0.1506340636,0.8871699836
1.710,0.2,0.1491352296,0.8880310589
1.720,0.2,0.1476513093,0.8888835664
1.730,0.2,0.1461821542,0.8897275913
1.740,0.2,0.1447276174,0.8905632180
1.750,0.2,0.1432875536,0.8913905301
1.760,0.2,0.1418618186,0.8922096102
1.770,0.2,0.1404502699,0.8930205404
1.780,0.2,0.1390527664,0.8938234018
1.790,0.2,0.1376691682,0.8946182745
1.800,0.2,0.1362993371,0.8954052381
1.810,0.2,0.1349431361,0.8961843712
1.820,0.2,0.1336004294,0.8969557519
1.830,0.2,0.1322710829,0.8977194572
1.840,0.2,0.1309549637,0.8984755635
1.850,0.2,0.1296519400,0.8992241464
1.860,0.2,0.1283618817,0.8999652808
1.870,0.2,0.1270846596,0.9006990408
1.880,0.2,0.1258201461,0.9014254998
1.890,0.2,0.1245682147,0.9021447304
1.900,0.2,0.1233287403,0.9028568045
1.910,0.2,0.1221015988,0.9035617933
1.920,0.2,0.1208866676,0.9042597674
1.930,0.2,0.1196838252,0.9049507965
1.940,0.2,0.1184929512,0.9056349498
1.950,0.2,0.1173139267,0.9063122957
1.960,0.2,0.1161466336,0.9069829018
1.970,0.2,0.1149909553,0.9076468353
1.980,0.2,0.1138467761,0.9083041625
1.990,0.2,0.1127139818,0.9089549493
2.000,0.2,0.1115924589,0.9095992606
2.010,0.2,0.1104820954,0.9102371608
2.020,0.2,0.1093827802,0.9108687139
2.030,0.2,0.1082944034,0.9114939829
2.040,0.2,0.1072168560,0.9121130304
2.050,0.2,0.1061500305,0.9127259183
2.060,0.2,0.1050938200,0.9133327078
2.070,0.2,0.1040481191,0.9139334597
2.080,0.2,0.1030128230,0.9145282340
2.090,0.2,0.1019878283,0.9151170902
2.100,0.2,0.1009730324,0.9157000871
2.110,0.2,0.0999683340,0.9162772832
2.120,0.2,0.0989736324,0.9168487360
2.130,0.2,0.0979888283,0.9174145028
2.140,0.2,0.0970138232,0.9179746402
2.150,0.2,0.0960485195,0.9185292040
2.160,0.2,0.0950928208,0.9190782499
2.170,0.2,0.0941466314,0.9196218327
2.180,0.2,0.0932098568,0.9201600067
2.190,0.2,0.0922824032,0.9206928258
2.200,0.2,0.0913641779,0.9212203433
2.210,0.2,0.0904550892,0.9217426119
2.220,0.2,0.0895550460,0.9222596838
2.230,0.2,0.0886639584,0.9227716108
2.240,0.2,0.0877817373,0.9232784440
2.250,0.2,0.0869082944,0.9237802341
2.260,0.2,0.0860435424,0.9242770314
2.270,0.2,0.0851873949,0.9247688854
2.280,0.2,0.0843397661,0.9252558454
2.290,0.2,0.0835005714,0.9257379601
2.300,0.2,0.0826697269,0.9262152776
2.310,0.2,0.0818471493,0.9266878458
2.320,0.2,0.0810327566,0.9271557118
2.330,0.2,0.0802264672,0.9276189225
2.340,0.2,0.0794282005,0.9280775241
2.350,0.2,0.0786378767,0.9285315626
2.360,0.2,0.0778554168,0.9289810834
2.370,0.2,0.0770807424,0.9294261313
2.380,0.2,0.0763137762,0.9298667509
2.390,0.2,0.0755544415,0.9303029863
2.400,0.2,0.0748026622,0.9307348811
2.410,0.2,0.0740583633,0.9311624785
2.420,0.2,0.0733214703,0.9315858211
2.430,0.2,0.0725919094,0.9320049515
2.440,0.2,0.0718696079,0.9324199114
2.450,0.2,0.0711544933,0.9328307425
2.460,0.2,0.0704464943,0.9332374856
2.470,0.2,0.0697455400,0.9336401817
2.480,0.2,0.0690515602,0.9340388708
2.490,0.2,0.0683644857,0.9344335929
2.500,0.2,0.0676842477,0.9348243875
2.510,0.2,0.0670107782,0.9352112935
2.520,0.2,0.0663440098,0.9355943498
2.530,0.2,0.0656838759,0.9359735947
2.540,0.2,0.0650303104,0.9363490660
2.550,0.2,0.0643832480,0.9367208012
2.560,0.2,0.0637426240,0.9370888377
2.570,0.2,0.0631083743,0.9374532121
2.580,0.2,0.0624804355,0.9378139610
2.590,0.2,0.0618587448,0.9381711203
2.600,0.2,0.0612432400,0.9385247258
2.610,0.2,0.0606338595,0.9388748129
2.620,0.2,0.0600305426,0.9392214166
2.630,0.2,0.0594332287,0.9395645715
2.640,0.2,0.0588418582,0.9399043120
2.650,0.2,0.0582563719,0.9402406720
2.660,0.2,0.0576767113,0.9405736851
2.670,0.2,0.0571028185,0.9409033847
2.680,0.2,0.0565346359,0.9412298038
2.690,0.2,0.0559721069,0.9415529749
2.700,0.2,0.0554151751,0.9418729304
2.710,0.2,0.0548637849,0.9421897023
2.720,0.2,0.0543178811,0.9425033223
2.730,0.2,0.0537774092,0.9428138217
2.740,0.2,0.0532423150,0.9431212316
2.750,0.2,0.0527125451,0.9434255827
2.760,0.2,0.0521880466,0.9437269055
2.770,0.2,0.0516687668,0.9440252300
2.780,0.2,0.0511546540,0.9443205862
2.790,0.2,0.0506456567,0.9446130035
2.800,0.2,0.0501417240,0.9449025112
2.810,0.2,0.0496428055,0.9451891383
2.820,0.2,0.0491488513,0.9454729134
2.830,0.2,0.0486598121,0.9457538649
2.840,0.2,0.0481756389,0.9460320209
2.850,0.2,0.0476962832,0.9463074091
2.860,0.2,0.0472216973,0.9465800572
2.870,0.2,0.0467518336,0.9468499924
2.880,0.2,0.0462866450,0.9471172418
2.890,0.2,0.0458260852,0.9473818319
2.900,0.2,0.0453701081,0.9476437893
2.910,0.2,0.0449186679,0.9479031402
2.920,0.2,0.0444717197,0.9481599106
2.930,0.2,0.0440292187,0.9484141260
2.940,0.2,0.0435911207,0.9486658119
2.950,0.2,0.0431573818,0.9489149935
2.960,0.2,0.0427279587,0.9491616957
2.970,0.2,0.0423028084,0.9494059432
2.980,0.2,0.0418818884,0.9496477604
2.990,0.2,0.0414651566,0.9498871714
3.000,0.2,0.0410525714,0.9501242003
3.010,0.2,0.0406440915,0.9503588707
3.020,0.2,0.0402396761,0.9505912061
3.030,0.2,0.0398392846,0.9508212297
3.040,0.2,0.0394428771,0.9510489646
3.050,0.2,0.0390504139,0.9512744334
3.060,0.2,0.0386618558,0.9514976588
3.070,0.2,0.0382771639,0.9517186631
3.080,0.2,0.0378962998,0.9519374683
3.090,0.2,0.0375192253,0.9521540964
3.100,0.2,0.0371459027,0.9523685690
3.110,0.2,0.0367762948,0.9525809075
3.120,0.2,0.0364103646,0.9527911333
3.130,0.2,0.0360480754,0.9529992673
3.140,0.2,0.0356893911,0.9532053303
3.150,0.2,0.0353342757,0.9534093429
3.160,0.2,0.0349826938,0.9536113256
3.170,0.2,0.0346346101,0.9538112985
3.180,0.2,0.0342899900,0.9540092817
3.190,0.2,0.0339487989,0.9542052949
3.200,0.2,0.0336110027,0.9543993577
3.210,0.2,0.0332765677,0.9545914896
3.220,0.2,0.0329454603,0.9547817097
3.230,0.2,0.0326176475,0.9549700371
3.240,0.2,0.0322930965,0.9551564907
3.250,0.2,0.0319717748,0.9553410889
3.260,0.2,0.0316536503,0.9555238504
3.270,0.2,0.0313386912,0.9557047934
3.280,0.2,0.0310268660,0.9558839360
3.290,0.2,0.0307181436,0.9560612961
3.300,0.2,0.0304124929,0.9562368914
3.310,0.2,0.0301098836,0.9564107395
3.320,0.2,0.0298102852,0.9565828578
3.330,0.2,0.0295136679,0.9567532635
3.340,0.2,0.0292200020,0.9569219736
3.350,0.2,0.0289292581,0.9570890050
3.360,0.2,0.0286414072,0.9572543745
3.370,0.2,0.0283564204,0.9574180984
3.380,0.2,0.0280742694,0.9575801933
3.390,0.2,0.0277949257,0.9577406754
3.400,0.2,0.0275183616,0.9578995606
3.410,0.2,0.0272445493,0.9580568649
3.420,0.2,0.0269734615,0.9582126039
3.430,0.2,0.0267050711,0.9583667934
3.440,0.2,0.0264393512,0.9585194486
3.450,0.2,0.0261762752,0.9586705849
3.460,0.2,0.0259158170,0.9588202173
3.470,0.2,0.0256579503,0.9589683609
3.480,0.2,0.0254026494,0.9591150305
3.490,0.2,0.0251498888,0.9592602406
3.500,0.2,0.0248996432,0.9594040059
3.510,0.2,0.0246518876,0.9595463407
3.520,0.2,0.0244065973,0.9596872592
3.530,0.2,0.0241637476,0.9598267756
3.540,0.2,0.0239233143,0.9599649038
3.550,0.2,0.0236852733,0.9601016575
3.560,0.2,0.0234496009,0.9602370506
3.570,0.2,0.0232162735,0.9603710964
3.580,0.2,0.0229852677,0.9605038085
3.590,0.2,0.0227565605,0.9606352001
3.600,0.2,0.0225301289,0.9607652843
3.610,0.2,0.0223059504,0.9608940742
3.620,0.2,0.0220840025,0.9610215825
3.630,0.2,0.0218642630,0.9611478222
3.640,0.2,0.0216467099,0.9612728057
3.650,0.2,0.0214313215,0.9613965456
3.660,0.2,0.0212180763,0.9615190543
3.670,0.2,0.0210069529,0.9616403440
3.680,0.2,0.0207979303,0.9617604269
3.690,0.2,0.0205909874,0.9618793149
3.700,0.2,0.0203861037,0.9619970199
3.710,0.2,0.0201832585,0.9621135538
3.720,0.2,0.0199824318,0.9622289282
3.730,0.2,0.0197836032,0.9623431545
3.740,0.2,0.0195867531,0.9624562443
3.750,0.2,0.0193918616,0.9625682088
3.760,0.2,0.0191989094,0.9626790592
3.770,0.2,0.0190078771,0.9627888067
3.780,0.2,0.0188187455,0.9628974622
3.790,0.2,0.0186314959,0.9630050365
3.800,0.2,0.0184461094,0.9631115404
3.810,0.2,0.0182625675,0.9632169847
3.820,0.2,0.0180808520,0.9633213797
3.830,0.2,0.0179009445,0.9634247359
3.840,0.2,0.0177228271,0.9635270638
3.850,0.2,0.0175464820,0.9636283735
3.860,0.2,0.0173718916,0.9637286751
3.870,0.2,0.0171990384,0.9638279787
3.880,0.2,0.0170279051,0.9639262943
3.890,0.2,0.0168584746,0.9640236315
3.900,0.2,0.0166907300,0.9641200003
3.910,0.2,0.0165246545,0.9642154102
3.920,0.2,0.0163602314,0.9643098707
3.930,0.2,0.0161974444,0.9644033913
3.940,0.2,0.0160362771,0.9644959814
3.950,0.2,0.0158767135,0.9645876502
3.960,0.2,0.0157187376,0.9646784068
3.970,0.2,0.0155623335,0.9647682605
3.980,0.2,0.0154074857,0.9648572200
3.990,0.2,0.0152541787,0.9649452944
4.000,0.2,0.0151023970,0.9650324925
4.010,0.2,0.0149521257,0.9651188229
4.020,0.2,0.0148033495,0.9652042943
4.030,0.2,0.0146560538,0.9652889153
4.040,0.2,0.0145102236,0.9653726943
4.050,0.2,0.0143658444,0.9654556396
4.060,0.2,0.0142229019,0.9655377596
4.070,0.2,0.0140813817,0.9656190626
4.080,0.2,0.0139412696,0.9656995565
4.090,0.2,0.0138025516,0.9657792495
4.100,0.2,0.0136652139,0.9658581496
4.110,0.2,0.0135292428,0.9659362646
4.120,0.2,0.0133946246,0.9660136023
4.130,0.2,0.0132613458,0.9660901705
4.140,0.2,0.0131293932,0.9661659769
4.150,0.2,0.0129987536,0.9662410289
4.160,0.2,0.0128694138,0.9663153342
4.170,0.2,0.0127413610,0.9663889001
4.180,0.2,0.0126145824,0.9664617341
4.190,0.2,0.0124890652,0.9665338433
4.200,0.2,0.0123647969,0.9666052350
4.210,0.2,0.0122417651,0.9666759164
4.220,0.2,0.0121199575,0.9667458945
4.230,0.2,0.0119993619,0.9668151762
4.240,0.2,0.0118799663,0.9668837687
4.250,0.2,0.0117617586,0.9669516786
4.260,0.2,0.0116447272,0.9670189128
4.270,0.2,0.0115288602,0.9670854780
4.280,0.2,0.0114141461,0.9671513808
4.290,0.2,0.0113005735,0.9672166280
4.300,0.2,0.0111881309,0.9672812259
4.310,0.2,0.0110768071,0.9673451810
4.320,0.2,0.0109665911,0.9674084998
4.330,0.2,0.0108574717,0.9674711886
4.340,0.2,0.0107494380,0.9675332535
4.350,0.2,0.0106424793,0.9675947010
4.360,0.2,0.0105365849,0.9676555370
4.370,0.2,0.0104317441,0.9677157677
4.380,0.2,0.0103279465,0.9677753991
4.390,0.2,0.0102251817,0.9678344371
4.400,0.2,0.0101234395,0.9678928877
4.410,0.2,0.0100227096,0.9679507567
4.420,0.2,0.0099229819,0.9680080499
4.430,0.2,0.0098242466,0.9680647730
4.440,0.2,0.0097264937,0.9681209318
4.450,0.2,0.0096297135,0.9681765317
4.460,0.2,0.0095338963,0.9682315784
4.470,0.2,0.0094390324,0.9682860774
4.480,0.2,0.0093451125,0.9683400341
4.490,0.2,0.0092521270,0.9683934539
4.500,0.2,0.0091600668,0.9684463422
4.510,0.2,0.0090689227,0.9684987042
4.520,0.2,0.0089786854,0.9685505453
4.530,0.2,0.0088893460,0.9686018705
4.540,0.2,0.0088008955,0.9686526850
4.550,0.2,0.0087133251,0.9687029939
4.560,0.2,0.0086266261,0.9687528022
4.570,0.2,0.0085407897,0.9688021149
4.580,0.2,0.0084558074,0.9688509370
4.590,0.2,0.0083716707,0.9688992732
4.600,0.2,0.0082883712,0.9689471285
4.610,0.2,0.0082059006,0.9689945077
4.620,0.2,0.0081242505,0.9690414154
4.630,0.2,0.0080434128,0.9690878563
4.640,0.2,0.0079633795,0.9691338352
4.650,0.2,0.0078841426,0.9691793566
4.660,0.2,0.0078056941,0.9692244250
4.670,0.2,0.0077280261,0.9692690450
4.680,0.2,0.0076511310,0.9693132210
4.690,0.2,0.0075750009,0.9693569575
4.700,0.2,0.0074996284,0.9694002588
4.710,0.2,0.0074250059,0.9694431292
4.720,0.2,0.0073511258,0.9694855730
4.730,0.2,0.0072779809,0.9695275945
4.740,0.2,0.0072055638,0.9695691979
4.750,0.2,0.0071338672,0.9696103874
4.760,0.2,0.0070628841,0.9696511670
4.770,0.2,0.0069926072,0.9696915408
4.780,0.2,0.0069230296,0.9697315129
4.790,0.2,0.0068541443,0.9697710873
4.800,0.2,0.0067859444,0.9698102679
4.810,0.2,0.0067184231,0.9698490587
4.820,0.2,0.0066515737,0.9698874635
4.830,0.2,0.0065853894,0.9699254861
4.840,0.2,0.0065198637,0.9699631304
4.850,0.2,0.0064549900,0.9700004002
4.860,0.2,0.0063907618,0.9700372991
4.870,0.2,0.0063271726,0.9700738309
4.880,0.2,0.0062642162,0.9701099991
4.890,0.2,0.0062018862,0.9701458075
4.900,0.2,0.0061401764,0.9701812596
4.910,0.2,0.0060790806,0.9702163589
4.920,0.2,0.0060185928,0.9702511090
4.930,0.2,0.0059587068,0.9702855133
4.940,0.2,0.0058994167,0.9703195753
4.950,0.2,0.0058407165,0.9703532984
4.960,0.2,0.0057826004,0.9703866859
4.970,0.2,0.0057250626,0.9704197412
4.980,0.2,0.0056680972,0.9704524676
4.990,0.2,0.0056116987,0.9704848683
5.000,0.2,0.0055558614,0.9705169467
0.000,0.3,0.7820232710,0.5000000000
0.010,0.3,0.7742420095,0.5046286993
0.020,0.3,0.7665381728,0.5092113422
0.030,0.3,0.7589109905,0.5137483871
0.040,0.3,0.7513597000,0.5182402876
0.050,0.3,0.7438835460,0.5226874930
0.060,0.3,0.7364817811,0.5270904480
0.070,0.3,0.7291536649,0.5314495928
0.080,0.3,0.7218984647,0.5357653634
0.090,0.3,0.7147154550,0.5400381913
0.100,0.3,0.7076039174,0.5442685039
0.110,0.3,0.7005631408,0.5484567242
0.120,0.3,0.6935924211,0.5526032710
0.130,0.3,0.6866910612,0.5567085590
0.140,0.3,0.6798583709,0.5607729987
0.150,0.3,0.6730936671,0.5647969965
0.160,0.3,0.6663962732,0.5687809549
0.170,0.3,0.6597655195,0.5727252722
0.180,0.3,0.6532007429,0.5766303430
0.190,0.3,0.6467012869,0.5804965576
0.200,0.3,0.6402665016,0.5843243027
0.210,0.3,0.6338957435,0.5881139612
0.220,0.3,0.6275883754,0.5918659119
0.230,0.3,0.6213437668,0.5955805300
0.240,0.3,0.6151612930,0.5992581872
0.250,0.3,0.6090403359,0.6028992510
0.260,0.3,0.6029802833,0.6065040856
0.270,0.3,0.5969805292,0.6100730515
0.280,0.3,0.5910404737,0.6136065056
0.290,0.3,0.5851595227,0.6171048013
0.300,0.3,0.5793370882,0.6205682883
0.310,0.3,0.5735725878,0.6239973130
0.320,0.3,0.5678654452,0.6273922184
0.330,0.3,0.5622150896,0.6307533440
0.340,0.3,0.5566209560,0.6340810257
0.350,0.3,0.5510824850,0.6373755965
0.360,0.3,0.5455991226,0.6406373857
0.370,0.3,0.5401703207,0.6438667196
0.380,0.3,0.5347955362,0.6470639211
0.390,0.3,0.5294742317,0.6502293099
0.400,0.3,0.5242058750,0.6533632026
0.410,0.3,0.5189899394,0.6564659125
0.420,0.3,0.5138259033,0.6595377499
0.430,0.3,0.5087132501,0.6625790221
0.440,0.3,0.5036514687,0.6655900330
0.450,0.3,0.4986400528,0.6685710840
0.460,0.3,0.4936785014,0.6715224729
0.470,0.3,0.4887663182,0.6744444951
0.480,0.3,0.4839030121,0.6773374426
0.490,0.3,0.4790880967,0.6802016048
0.500,0.3,0.4743210905,0.6830372682
0.510,0.3,0.4696015168,0.6858447162
0.520,0.3,0.4649289036,0.6886242297
0.530,0.3,0.4603027837,0.6913760865
0.540,0.3,0.4557226945,0.6941005619
0.550,0.3,0.4511881779,0.6967979283
0.560,0.3,0.4466987806,0.6994684555
0.570,0.3,0.4422540534,0.7021124104
0.580,0.3,0.4378535521,0.7047300576
0.590,0.3,0.4334968364,0.7073216588
0.600,0.3,0.4291834708,0.7098874731
0.610,0.3,0.4249130240,0.7124277571
0.620,0.3,0.4206850687,0.7149427649
0.630,0.3,0.4164991823,0.7174327479
0.640,0.3,0.4123549462,0.7198979552
0.650,0.3,0.4082519460,0.7223386332
0.660,0.3,0.4041897712,0.7247550261
0.670,0.3,0.4001680158,0.7271473755
0.680,0.3,0.3961862775,0.7295159207
0.690,0.3,0.3922441582,0.7318608984
0.700,0.3,0.3883412636,0.7341825431
0.710,0.3,0.3844772035,0.7364810872
0.720,0.3,0.3806515914,0.7387567603
0.730,0.3,0.3768640448,0.7410097901
0.740,0.3,0.3731141849,0.7432404019
0.750,0.3,0.3694016367,0.7454488188
0.760,0.3,0.3657260290,0.7476352615
0.770,0.3,0.3620869942,0.7497999487
0.780,0.3,0.3584841684,0.7519430970
0.790,0.3,0.3549171913,0.7540649205
0.800,0.3,0.3513857063,0.7561656316
0.810,0.3,0.3478893601,0.7582454403
0.820,0.3,0.3444278031,0.7603045545
0.830,0.3,0.3410006892,0.7623431802
0.840,0.3,0.3376076757,0.7643615212
0.850,0.3,0.3342484232,0.7663597794
0.860,0.3,0.3309225958,0.7683381545
0.870,0.3,0.3276298609,0.7702968446
0.880,0.3,0.3243698894,0.7722360453
0.890,0.3,0.3211423550,0.7741559507
0.900,0.3,0.3179469352,0.7760567526
0.910,0.3,0.3147833103,0.7779386413
0.920,0.3,0.3116511641,0.7798018049
0.930,0.3,0.3085501832,0.7816464297
0.940,0.3,0.3054800576,0.7834727002
0.950,0.3,0.3024404802,0.7852807989
0.960,0.3,0.2994311471,0.7870709068
0.970,0.3,0.2964517574,0.7888432029
0.980,0.3,0.2935020132,0.7905978642
0.990,0.3,0.2905816194,0.7923350665
1.000,0.3,0.2876902839,0.7940549832
1.010,0.3,0.2848277178,0.7957577865
1.020,0.3,0.2819936346,0.7974436466
1.030,0.3,0.2791877511,0.7991127322
1.040,0.3,0.2764097865,0.8007652100
1.050,0.3,0.2736594632,0.8024012455
1.060,0.3,0.2709365061,0.8040210021
1.070,0.3,0.2682406428,0.8056246418
1.080,0.3,0.2655716038,0.8072123251
1.090,0.3,0.2629291222,0.8087842107
1.100,0.3,0.2603129337,0.8103404557
1.110,0.3,0.2577227767,0.8118812158
1.120,0.3,0.2551583923,0.8134066452
1.130,0.3,0.2526195238,0.8149168962
1.140,0.3,0.2501059176,0.8164121200
1.150,0.3,0.2476173221,0.8178924661
1.160,0.3,0.2451534886,0.8193580825
1.170,0.3,0.2427141706,0.8208091157
1.180,0.3,0.2402991243,0.8222457110
1.190,0.3,0.2379081080,0.8236680118
1.200,0.3,0.2355408828,0.8250761606
1.210,0.3,0.2331972119,0.8264702980
1.220,0.3,0.2308768608,0.8278505635
1.230,0.3,0.2285795977,0.8292170952
1.240,0.3,0.2263051927,0.8305700296
1.250,0.3,0.2240534184,0.8319095022
1.260,0.3,0.2218240496,0.8332356467
1.270,0.3,0.2196168635,0.8345485959
1.280,0.3,0.2174316392,0.8358484810
1.290,0.3,0.2152681582,0.8371354321
1.300,0.3,0.2131262042,0.8384095777
1.310,0.3,0.2110055631,0.8396710454
1.320,0.3,0.2089060227,0.8409199613
1.330,0.3,0.2068273730,0.8421564503
1.340,0.3,0.2047694062,0.8433806360
1.350,0.3,0.2027319166,0.8445926409
1.360,0.3,0.2007147003,0.8457925861
1.370,0.3,0.1987175557,0.8469805916
1.380,0.3,0.1967402830,0.8481567763
1.390,0.3,0.1947826845,0.8493212578
1.400,0.3,0.1928445644,0.8504741525
1.410,0.3,0.1909257289,0.8516155757
1.420,0.3,0.1890259861,0.8527456415
1.430,0.3,0.1871451462,0.8538644630
1.440,0.3,0.1852830208,0.8549721520
1.450,0.3,0.1834394240,0.8560688194
1.460,0.3,0.1816141712,0.8571545747
1.470,0.3,0.1798070800,0.8582295266
1.480,0.3,0.1780179697,0.8592937825
1.490,0.3,0.1762466613,0.8603474489
1.500,0.3,0.1744929777,0.8613906311
1.510,0.3,0.1727567436,0.8624234336
1.520,0.3,0.1710377852,0.8634459594
1.530,0.3,0.1693359308,0.8644583110
1.540,0.3,0.1676510102,0.8654605895
1.550,0.3,0.1659828548,0.8664528951
1.560,0.3,0.1643312978,0.8674353271
1.570,0.3,0.1626961740,0.8684079838
1.580,0.3,0.1610773200,0.8693709624
1.590,0.3,0.1594745739,0.8703243592
1.600,0.3,0.1578877754,0.8712682695
1.610,0.3,0.1563167658,0.8722027878
1.620,0.3,0.1547613880,0.8731280074
1.630,0.3,0.1532214865,0.8740440210
1.640,0.3,0.1516969072,0.8749509201
1.650,0.3,0.1501874977,0.8758487954
1.660,0.3,0.1486931072,0.8767377366
1.670,0.3,0.1472135860,0.8776178328
1.680,0.3,0.1457487864,0.8784891718
1.690,0.3,0.1442985617,0.8793518409
1.700,0.3,0.1428627670,0.8802059263
1.710,0.3,0.1414412588,0.8810515134
1.720,0.3,0.1400338947,0.8818886868
1.730,0.3,0.1386405342,0.8827175301
1.740,0.3,0.1372610378,0.8835381263
1.750,0.3,0.1358952677,0.8843505575
1.760,0.3,0.1345430872,0.8851549048
1.770,0.3,0.1332043611,0.8859512488
1.780,0.3,0.1318789555,0.8867396689
1.790,0.3,0.1305667380,0.8875202442
1.800,0.3,0.1292675773,0.8882930526
1.810,0.3,0.1279813434,0.8890581715
1.820,0.3,0.1267079077,0.8898156773
1.830,0.3,0.1254471430,0.8905656457
1.840,0.3,0.1241989231,0.8913081519
1.850,0.3,0.1229631231,0.8920432700
1.860,0.3,0.1217396196,0.8927710736
1.870,0.3,0.1205282902,0.8934916353
1.880,0.3,0.1193290136,0.8942050274
1.890,0.3,0.1181416701,0.8949113211
1.900,0.3,0.1169661408,0.8956105871
1.910,0.3,0.1158023083,0.8963028953
1.920,0.3,0.1146500561,0.8969883148
1.930,0.3,0.1135092690,0.8976669144
1.940,0.3,0.1123798329,0.8983387617
1.950,0.3,0.1112616348,0.8990039241
1.960,0.3,0.1101545631,0.8996624680
1.970,0.3,0.1090585069,0.9003144593
1.980,0.3,0.1079733566,0.9009599631
1.990,0.3,0.1068990037,0.9015990441
2.000,0.3,0.1058353409,0.9022317661
2.010,0.3,0.1047822616,0.9028581924
2.020,0.3,0.1037396607,0.9034783857
2.030,0.3,0.1027074339,0.9040924080
2.040,0.3,0.1016854778,0.9047003206
2.050,0.3,0.1006736904,0.9053021844
2.060,0.3,0.0996719704,0.9058980596
2.070,0.3,0.0986802178,0.9064880057
2.080,0.3,0.0976983332,0.9070720817
2.090,0.3,0.0967262185,0.9076503461
2.100,0.3,0.0957637766,0.9082228566
2.110,0.3,0.0948109111,0.9087896706
2.120,0.3,0.0938675268,0.9093508447
2.130,0.3,0.0929335293,0.9099064350
2.140,0.3,0.0920088252,0.9104564971
2.150,0.3,0.0910933221,0.9110010860
2.160,0.3,0.0901869284,0.9115402561
2.170,0.3,0.0892895535,0.9120740614
2.180,0.3,0.0884011076,0.9126025553
2.190,0.3,0.0875215018,0.9131257905
2.200,0.3,0.0866506483,0.9136438195
2.210,0.3,0.0857884600,0.9141566940
2.220,0.3,0.0849348505,0.9146644653
2.230,0.3,0.0840897347,0.9151671842
2.240,0.3,0.0832530278,0.9156649010
2.250,0.3,0.0824246464,0.9161576654
2.260,0.3,0.0816045074,0.9166455267
2.270,0.3,0.0807925290,0.9171285337
2.280,0.3,0.0799886299,0.9176067347
2.290,0.3,0.0791927297,0.9180801776
2.300,0.3,0.0784047489,0.9185489096
2.310,0.3,0.0776246086,0.9190129776
2.320,0.3,0.0768522309,0.9194724281
2.330,0.3,0.0760875384,0.9199273070
2.340,0.3,0.0753304547,0.9203776597
2.350,0.3,0.0745809042,0.9208235314
2.360,0.3,0.0738388118,0.9212649665
2.370,0.3,0.0731041033,0.9217020094
2.380,0.3,0.0723767054,0.9221347035
2.390,0.3,0.0716565451,0.9225630923
2.400,0.3,0.0709435506,0.9229872186
2.410,0.3,0.0702376504,0.9234071247
2.420,0.3,0.0695387742,0.9238228527
2.430,0.3,0.0688468518,0.9242344441
2.440,0.3,0.0681618142,0.9246419401
2.450,0.3,0.0674835928,0.9250453815
2.460,0.3,0.0668121198,0.9254448086
2.470,0.3,0.0661473281,0.9258402613
2.480,0.3,0.0654891512,0.9262317791
2.490,0.3,0.0648375233,0.9266194013
2.500,0.3,0.0641923791,0.9270031666
2.510,0.3,0.0635536543,0.9273831134
2.520,0.3,0.0629212849,0.9277592797
2.530,0.3,0.0622952076,0.9281317030
2.540,0.3,0.0616753599,0.9285004206
2.550,0.3,0.0610616799,0.9288654695
2.560,0.3,0.0604541060,0.9292268860
2.570,0.3,0.0598525776,0.9295847064
2.580,0.3,0.0592570345,0.9299389664
2.590,0.3,0.0586674171,0.9302897015
2.600,0.3,0.0580836666,0.9306369467
2.610,0.3,0.0575057244,0.9309807368
2.620,0.3,0.0569335329,0.9313211061
2.630,0.3,0.0563670348,0.9316580886
2.640,0.3,0.0558061734,0.9319917182
2.650,0.3,0.0552508927,0.9323220280
2.660,0.3,0.0547011372,0.9326490512
2.670,0.3,0.0541568518,0.9329728205
2.680,0.3,0.0536179821,0.9332933682
2.690,0.3,0.0530844742,0.9336107265
2.700,0.3,0.0525562749,0.9339249269
2.710,0.3,0.0520333312,0.9342360010
2.720,0.3,0.0515155909,0.9345439799
2.730,0.3,0.0510030022,0.9348488943
2.740,0.3,0.0504955139,0.9351507748
2.750,0.3,0.0499930751,0.9354496515
2.760,0.3,0.0494956357,0.9357455544
2.770,0.3,0.0490031459,0.9360385129
2.780,0.3,0.0485155565,0.9363285565
2.790,0.3,0.0480328186,0.9366157141
2.800,0.3,0.0475548841,0.9369000144
2.810,0.3,0.0470817051,0.9371814859
2.820,0.3,0.0466132343,0.9374601567
2.830,0.3,0.0461494249,0.9377360547
2.840,0.3,0.0456902304,0.9380092075
2.850,0.3,0.0452356050,0.9382796423
2.860,0.3,0.0447855032,0.9385473863
2.870,0.3,0.0443398800,0.9388124661
2.880,0.3,0.0438986909,0.9390749084
2.890,0.3,0.0434618916,0.9393347393
2.900,0.3,0.0430294385,0.9395919849
2.910,0.3,0.0426012885,0.9398466709
2.920,0.3,0.0421773986,0.9400988226
2.930,0.3,0.0417577264,0.9403484654
2.940,0.3,0.0413422301,0.9405956243
2.950,0.3,0.0409308681,0.9408403238
2.960,0.3,0.0405235991,0.9410825886
2.970,0.3,0.0401203826,0.9413224428
2.980,0.3,0.0397211781,0.9415599104
2.990,0.3,0.0393259458,0.9417950151
3.000,0.3,0.0389346461,0.9420277806
3.010,0.3,0.0385472399,0.9422582299
3.020,0.3,0.0381636884,0.9424863863
3.030,0.3,0.0377839534,0.9427122724
3.040,0.3,0.0374079968,0.9429359110
3.050,0.3,0.0370357810,0.9431573243
3.060,0.3,0.0366672688,0.9433765345
3.070,0.3,0.0363024234,0.9435935636
3.080,0.3,0.0359412082,0.9438084331
3.090,0.3,0.0355835872,0.9440211647
3.100,0.3,0.0352295246,0.9442317796
3.110,0.3,0.0348789850,0.9444402988
3.120,0.3,0.0345319333,0.9446467432
3.130,0.3,0.0341883348,0.9448511335
3.140,0.3,0.0338481552,0.9450534900
3.150,0.3,0.0335113604,0.9452538330
3.160,0.3,0.0331779168,0.9454521827
3.170,0.3,0.0328477910,0.9456485587
3.180,0.3,0.0325209500,0.9458429807
3.190,0.3,0.0321973612,0.9460354682
3.200,0.3,0.0318769921,0.9462260404
3.210,0.3,0.0315598107,0.9464147164
3.220,0.3,0.0312457854,0.9466015150
3.230,0.3,0.0309348846,0.9467864549
3.240,0.3,0.0306270774,0.9469695547
3.250,0.3,0.0303223328,0.9471508326
3.260,0.3,0.0300206206,0.9473303067
3.270,0.3,0.0297219104,0.9475079951
3.280,0.3,0.0294261725,0.9476839154
3.290,0.3,0.0291333772,0.9478580853
3.300,0.3,0.0288434952,0.9480305222
3.310,0.3,0.0285564976,0.9482012433
3.320,0.3,0.0282723557,0.9483702656
3.330,0.3,0.0279910411,0.9485376062
3.340,0.3,0.0277125256,0.9487032817
3.350,0.3,0.0274367814,0.9488673088
3.360,0.3,0.0271637808,0.9490297037
3.370,0.3,0.0268934967,0.9491904828
3.380,0.3,0.0266259019,0.9493496620
3.390,0.3,0.0263609698,0.9495072575
3.400,0.3,0.0260986737,0.9496632848
3.410,0.3,0.0258389876,0.9498177596
3.420,0.3,0.0255818854,0.9499706974
3.430,0.3,0.0253273414,0.9501221134
3.440,0.3,0.0250753301,0.9502720229
3.450,0.3,0.0248258264,0.9504204406
3.460,0.3,0.0245788053,0.9505673816
3.470,0.3,0.0243342421,0.9507128606
3.480,0.3,0.0240921123,0.9508568919
3.490,0.3,0.0238523918,0.9509994902
3.500,0.3,0.0236150566,0.9511406695
3.510,0.3,0.0233800828,0.9512804441
3.520,0.3,0.0231474471,0.9514188280
3.530,0.3,0.0229171262,0.9515558349
3.540,0.3,0.0226890969,0.9516914785
3.550,0.3,0.0224633367,0.9518257725
3.560,0.3,0.0222398227,0.9519587302
3.570,0.3,0.0220185328,0.9520903650
3.580,0.3,0.0217994447,0.9522206899
3.590,0.3,0.0215825366,0.9523497182
3.600,0.3,0.0213677868,0.9524774625
3.610,0.3,0.0211551738,0.9526039358
3.620,0.3,0.0209446763,0.9527291507
3.630,0.3,0.0207362733,0.9528531196
3.640,0.3,0.0205299439,0.9529758551
3.650,0.3,0.0203256675,0.9530973693
3.660,0.3,0.0201234238,0.9532176744
3.670,0.3,0.0199231924,0.9533367825
3.680,0.3,0.0197249533,0.9534547054
3.690,0.3,0.0195286867,0.9535714550
3.700,0.3,0.0193343730,0.9536870428
3.710,0.3,0.0191419928,0.9538014806
3.720,0.3,0.0189515268,0.9539147797
3.730,0.3,0.0187629560,0.9540269515
3.740,0.3,0.0185762614,0.9541380071
3.750,0.3,0.0183914245,0.9542479577
3.760,0.3,0.0182084268,0.9543568142
3.770,0.3,0.0180272499,0.9544645877
3.780,0.3,0.0178478758,0.9545712887
3.790,0.3,0.0176702865,0.9546769281
3.800,0.3,0.0174944642,0.9547815164
3.810,0.3,0.0173203914,0.9548850639
3.820,0.3,0.0171480506,0.9549875812
3.830,0.3,0.0169774246,0.9550890784
3.840,0.3,0.0168084964,0.9551895657
3.850,0.3,0.0166412491,0.9552890531
3.860,0.3,0.0164756659,0.9553875506
3.870,0.3,0.0163117303,0.9554850680
3.880,0.3,0.0161494259,0.9555816152
3.890,0.3,0.0159887364,0.9556772016
3.900,0.3,0.0158296458,0.9557718370
3.910,0.3,0.0156721382,0.9558655307
3.920,0.3,0.0155161978,0.9559582921
3.930,0.3,0.0153618091,0.9560501306
3.940,0.3,0.0152089565,0.9561410553
3.950,0.3,0.0150576249,0.9562310752
3.960,0.3,0.0149077990,0.9563201994
3.970,0.3,0.0147594639,0.9564084368
3.980,0.3,0.0146126048,0.9564957963
3.990,0.3,0.0144672069,0.9565822865
4.000,0.3,0.0143232558,0.9566679161
4.010,0.3,0.0141807371,0.9567526937
4.020,0.3,0.0140396364,0.9568366277
4.030,0.3,0.0138999397,0.9569197266
4.040,0.3,0.0137616329,0.9570019986
4.050,0.3,0.0136247024,0.9570834520
4.060,0.3,0.0134891344,0.9571640950
4.070,0.3,0.0133549152,0.9572439355
4.080,0.3,0.0132220316,0.9573229816
4.090,0.3,0.0130904702,0.9574012412
4.100,0.3,0.0129602178,0.9574787220
4.110,0.3,0.0128312615,0.9575554320
4.120,0.3,0.0127035883,0.9576313786
4.130,0.3,0.0125771855,0.9577065696
4.140,0.3,0.0124520404,0.9577810124
4.150,0.3,0.0123281405,0.9578547145
4.160,0.3,0.0122054735,0.9579276832
4.170,0.3,0.0120840270,0.9579999259
4.180,0.3,0.0119637889,0.9580714498
4.190,0.3,0.0118447472,0.9581422620
4.200,0.3,0.0117268900,0.9582123696
4.210,0.3,0.0116102055,0.9582817796
4.220,0.3,0.0114946821,0.9583504990
4.230,0.3,0.0113803081,0.9584185346
4.240,0.3,0.0112670721,0.9584858932
4.250,0.3,0.0111549629,0.9585525816
4.260,0.3,0.0110439691,0.9586186065
4.270,0.3,0.0109340798,0.9586839744
4.280,0.3,0.0108252839,0.9587486918
4.290,0.3,0.0107175705,0.9588127654
4.300,0.3,0.0106109289,0.9588762013
4.310,0.3,0.0105053484,0.9589390061
4.320,0.3,0.0104008184,0.9590011860
4.330,0.3,0.0102973286,0.9590627471
4.340,0.3,0.0101948684,0.9591236958
4.350,0.3,0.0100934278,0.9591840379
4.360,0.3,0.0099929965,0.9592437797
4.370,0.3,0.0098935645,0.9593029270
4.380,0.3,0.0097951219,0.9593614858
4.390,0.3,0.0096976588,0.9594194619
4.400,0.3,0.0096011655,0.9594768611
4.410,0.3,0.0095056323,0.9595336893
4.420,0.3,0.0094110497,0.9595899519
4.430,0.3,0.0093174082,0.9596456548
4.440,0.3,0.0092246984,0.9597008034
4.450,0.3,0.0091329111,0.9597554032
4.460,0.3,0.0090420372,0.9598094598
4.470,0.3,0.0089520674,0.9598629785
4.480,0.3,0.0088629928,0.9599159647
4.490,0.3,0.0087748046,0.9599684236
4.500,0.3,0.0086874938,0.9600203606
4.510,0.3,0.0086010518,0.9600717808
4.520,0.3,0.0085154699,0.9601226894
4.530,0.3,0.0084307396,0.9601730914
4.540,0.3,0.0083468523,0.9602229919
4.550,0.3,0.0082637997,0.9602723959
4.560,0.3,0.0081815736,0.9603213083
4.570,0.3,0.0081001655,0.9603697340
4.580,0.3,0.0080195675,0.9604176779
4.590,0.3,0.0079397715,0.9604651447
4.600,0.3,0.0078607695,0.9605121393
4.610,0.3,0.0077825535,0.9605586662
4.620,0.3,0.0077051158,0.9606047302
4.630,0.3,0.0076284486,0.9606503358
4.640,0.3,0.0075525443,0.9606954876
4.650,0.3,0.0074773952,0.9607401902
4.660,0.3,0.0074029939,0.9607844480
4.670,0.3,0.0073293329,0.9608282654
4.680,0.3,0.0072564048,0.9608716468
4.690,0.3,0.0071842024,0.9609145966
4.700,0.3,0.0071127183,0.9609571190
4.710,0.3,0.0070419456,0.9609992183
4.720,0.3,0.0069718771,0.9610408987
4.730,0.3,0.0069025058,0.9610821644
4.740,0.3,0.0068338247,0.9611230195
4.750,0.3,0.0067658270,0.9611634680
4.760,0.3,0.0066985059,0.9612035141
4.770,0.3,0.0066318546,0.9612431618
4.780,0.3,0.0065658666,0.9612824149
4.790,0.3,0.0065005351,0.9613212774
4.800,0.3,0.0064358537,0.9613597533
4.810,0.3,0.0063718159,0.9613978463
4.820,0.3,0.0063084153,0.9614355603
4.830,0.3,0.0062456455,0.9614728991
4.840,0.3,0.0061835003,0.9615098663
4.850,0.3,0.0061219734,0.9615464656
4.860,0.3,0.0060610588,0.9615827008
4.870,0.3,0.0060007502,0.9616185755
4.880,0.3,0.0059410418,0.9616540932
4.890,0.3,0.0058819274,0.9616892575
4.900,0.3,0.0058234013,0.9617240719
4.910,0.3,0.0057654574,0.9617585399
4.920,0.3,0.0057080902,0.9617926649
4.930,0.3,0.0056512937,0.9618264504
4.940,0.3,0.0055950624,0.9618598997
4.950,0.3,0.0055393906,0.9618930162
4.960,0.3,0.0054842728,0.9619258032
4.970,0.3,0.0054297033,0.9619582639
4.980,0.3,0.0053756769,0.9619904017
4.990,0.3,0.0053221880,0.9620222196
5.000,0.3,0.0052692314,0.9620537210
